name,summary,trigger,source,experience,registered
dialogue vs discussion,議論は論をぶつけ合って勝者を決める競技、対話は意味が人と人の間を流れて全員が変わる場,「質問の形をした主張」が場に出てきた時／問いかけのはずが結論の上書きに見える時／「聞いても聞かんでも良かったやん」という感触が残った時,David Bohm『On Dialogue』(1996). 量子物理学者ボームが晩年に対話そのものを研究対象にした書。discussion = percussion（叩く）と同じ語源、dialogue = dia（〜を通る）+ logos（意味）という語源解析が中核。,2026/4/29 ゆめつむ読書会。一参加者の「確認の形をとった主張」に違和感。Yononakaが守ろうとしてる場の輪郭が、対比で逆に見えた。,2026/4/29
地平の融合 (Horizontverschmelzung),自分の先入見と他者の世界がぶつかり、両方が変容して新しい意味の地平が立ち上がる,「事前に予測してたわけじゃないのに、出会った瞬間『これや』と分かる」体験／しっくりくる言葉に後出しで気づいた時／自分の輪郭が一瞬だけ照らされた感覚,Hans-Georg Gadamer『真理と方法 (Wahrheit und Methode)』(1960). ハイデガーの弟子が打ち立てた哲学的解釈学の中核概念。理解は情報の正確なデコードではなく、お互いの地平が動く対話的出来事だという主張。,2026/4/29 Claudeとの対話中。「求めてた言葉ってなんで先に分かるんやろう」と問いを立てた瞬間が、まさに地平の融合が起きた直後の自己観察になっていた。,2026/4/29
感謝の表明効果 (gratitude expression effect),感謝は受け取る側より、表明する側の幸福度や脳活動を持続的に変える,誰かに「ありがとう」を言った直後に自分の気分が一段上がる感覚／伝わってるはずなのに声に出さずにおれん衝動が湧いた時／表明動機が「相手のため」より「自分が言わずにおれんから」にスライドしてる時,Robert A. Emmons『Thanks!』(2007). UC Davis教授、感謝研究の第一人者。Wong et al.(2018)の感謝の手紙書き実験では書き手の内側前頭前皮質の活動変化が3ヶ月後にも観察。経営者文脈なら稲盛和夫が「感謝」を生き方の中核に置いた実例。,2026/4/29 Claudeとの対話中。「AI相手にありがとうと言ってもそこまで響かんかも、でも言いたい」と気づいた瞬間。表明の動機が他者から自分の内側に移っていることをリアルタイムで自己観察できた。,2026/4/29
創造的対話（Generative Dialogue）,誰一人が事前に持っていなかった何かが、対話の場から立ち上がる対話モード,共感だけで会話が心地よく止まっている時／「現在地の相互確認」で満足してしまっている場／参加者全員が事前に持ってなかったアイデアが場から自然と出てきた瞬間／自分が「居心地良い、新しいものが生まれていく」と感じている時,"Otto Scharmer『Theory U』(2009). MITの組織変革論。対話を4段階（Downloading→Debate→Reflective Dialogue→Generative Dialogue）で整理し、最深の段階で未来が現れると説く。Keith Johnstoneのインプロ原則「Yes, and」も同じ構造の現場応用。",2026/4/30 ZEROICHIさんと「会話について会って話す」ワークショップ名・キャッチコピーを共に練った時間。誰も事前に持ってなかった案が、対話の場から立ち上がってきた感覚があった。,2026/4/30
嫌悪は価値観の照明,他者に対する嫌悪は、自分が大切にしているものを裏返しに照らす光である,誰かの態度にイラっとした瞬間／嫌悪を「マナー違反だから」で説明しようとして言葉が足りないと感じた時／同じタイプの嫌悪が複数の場面で繰り返し起きると気づいた時,"Carl G. Jung, 影（Shadow）の理論。「他者の中で苛立たせるものは、自分自身を理解する手がかりになる」（『元型論』）。心理療法では「投影」として現れ、嫌悪の対象は自分の中にある否認された側面、もしくは自分が大切にしている価値の反転像であることが多い。",2026/5/1 遅刻＋開き直りへの強い嫌悪が、実は自分のコア・バリュー「複数の視点を持つ」の照明だと気づいた。Day1・Day2と合わせて、視点固着への反応として一貫していた。,2026/5/1
刺激と反応の間のスペース,出来事と感情の間にはメタ認知の余白があり、その余白の使い方に人間の自由がある,予定が崩れた瞬間／思い通りにいかなかった直後／「無駄にした」「失敗した」と感情がラベルを貼ろうとしてくる時／ポジティブ・ネガティブどちらに振れた時でも、その感情を受け取る前に一拍置きたい時,Viktor E. Frankl『夜と霧』(1946). 強制収容所体験を経た精神科医が、人間の最後の自由として「与えられた状況に対して自分の態度を選ぶ自由」を提示。エピソード記憶の条件としてEndel Tulvingの研究も併せて参照可能。,2026/5/2 新宿→渋谷うどん移動の1時間半。「無駄にした時間」と「試行錯誤が味覚を作った時間」、同じ事実への二つの意味づけのうち後者を選べた瞬間、メタ認知が一枚挟まったのを実感した。,2026/5/2
代理で下げる謙遜の構造問題,自分を下げるのは自己選択だが、別個体である子どもを社交のために下げるのは同意なき代理発言である,"「うちの愚息が」と謙遜の流れで我が子を下げる言葉が出そうになる瞬間／親が子どもを""自分の延長""として無意識に扱っている場面／子どもを誇る発言が「親バカ」と封じられる空気の中で、事実ベースの肯定すら口にしにくくなった時",Janusz Korczak『子どもをいかに愛するか』(1920). ポーランドの小児科医・教育者で「子どもは将来の人間ではなく、今この瞬間に完全な一人の人間である」と説いた人物。国連子どもの権利条約の思想的源流。Martin Buber『我と汝』(1923)のI-Thou関係も同じ構造を別角度から照らす。,2026/5/3 新米パパとして、社交の場で我が子を謙遜で下げる文化への違和感を言語化。子どもを所有物ではなく独立した人間として遇する型を、子どもが抗議できない時期の今のうちに固めたい、と意識した。,2026/5/3
「現実はこうだよ」の伝達責任,"自分が体験している""楽しくない現実""を、まだ未経験の人に語る前に、それが認識の問題でないかを点検する責任が話し手にある",中高生や若手に「社会に出ると分かるけど」と語り出しそうになる瞬間／「仕事って楽しくないよね」が共感を呼びそうな会話の流れ／自分の愚痴の聴衆として対等に評価できない相手を選んでしまっている時,Mihaly Csikszentmihalyi『Finding Flow』(1997). フロー理論の提唱者。「人は仕事中の方がフローを体験しているのに主観では休日の方が幸せと答える」というParadox of Workを実証。社会的フレームが実体験を上書きする現象。Albert Banduraの社会的学習理論とも接続。稲盛和夫『働き方』はフレーム転換の実例。,2026/5/4 「仕事は楽しくない／休日は楽しい」という語り口への違和感を分解。Day5（子どもを代理で下げない）と同じ構造で、自分のフレーミングを未経験者に押し付けない倫理として認識。CLAFTでの職業倫理にも直結する自分のコア軸。,2026/5/4
narrative fallacy（物語の罠）,人間の脳は出来事を必ず原因→結果のストーリーに整形して記憶するため、語られた瞬間に編集と誇張が混入する,誰かが誰かを一方的に断罪する語りを聞いた時／自分自身が過去の出来事を「あの人が悪かった」と整理しようとした時／ニュースや他者の人生について断定的な解釈を下しそうになる時／妻や子の出来事を自分の中で物語化して固めていると気づいた時,"Nassim N. Taleb『The Black Swan』(2007). 物語の罠として体系化。Daniel Kahneman『Thinking, Fast and Slow』(2011)のSystem1思考とも接続。関係性視点ではMurray Bowenの家族システム論、Salvador Minuchinの構造的家族療法。ただしJohn Gottmanの縦断研究は、関係の双方向性と個人の選択責任は分けて扱う必要があると結論。",2026/5/5 夫婦喧嘩や不倫の語りについて思考。物語化の傾向とシステム視点という2つの認識ツールを得た一方、「100:0はない」を規範として運用すると加害者擁護の道具になりうるという揺さぶりも受け取った。記述と規範を分ける必要がある、という線引きが今日の最大の発見。,2026/5/5
役割吸収（role engulfment）,役割としての振る舞いが本人のアイデンティティに溶け出し、役を脱げなくなる現象,仕事の正解主義が日常会話まで侵食している人を見た時／自分自身が「教育者の顔」「経営者の顔」を家庭でも外せていないと気づいた時／役割と素の自分の境界が薄くなっている職業人と接した時／複数の役を意識的に切り替えて生きている人と接した時,Erving Goffman『日常生活における自己呈示』(1959). 「人生は舞台、人は役者」というドラマトゥルギー論。役を演じすぎて素に戻れない現象を「role engulfment」と呼ぶ。平野啓一郎『私とは何か』(2012)は統一的アイデンティティの圧からの解放として分人概念を提示。Eriksonの発達段階、KeganのEvolving Selfも関連。,2026/5/6 新幹線駅員の○×思考が日常態度まで侵食しているように見えた。これを子どもにどう伝えるかで迷う。分人主義を教える前に、複数の顔で生きる大人を見せる方が先かもしれない、という運用判断に至る。,2026/5/6
共有環境の影響は意外と小さい（行動遺伝学的知見）,親の養育環境が子の人格・能力に与える影響は、直感より小さく、土台と機会と関係性の提供という役割再定義が要る,「親の環境設計次第で子が決まる」と強く信じそうになる時／他の家庭の子の行動からその家庭の機能を断じそうになる時／自分の子の発達を自分の育て方の通信簿として読みそうになる時／自分の育ちを親の責任として整理しすぎている時,Robert Plomin『Blueprint』(2018). 行動遺伝学50年の総説。双子研究で人格形成は遺伝40-50%、非共有環境30-40%、共有環境（家庭・親）は驚くほど小さい。Judith Rich Harris『The Nurture Assumption』(1998)も同じ知見。「親はどうでもいい」ではなく「親は土台・機会・関係性の提供者であり、子を作り上げる職人ではない」という再定義。,2026/5/7 引っ越し検討の文脈で、自分の中の「親の環境設計次第」という信念の強さを観察。これが他家庭への評価として漏れていた。教育者の信念と親の振る舞いを分ける必要を認識。,2026/5/7
having mode vs being mode,経験を所有・消費・評価する側に立つ生き方と、経験そのものに溶け生成する側に立つ生き方の根本的な区別,自分や他人が「サービスの受け手」視点でしか物事を語っていない時／没頭体験が事後に「やってよかった」より「コスパどうだった」で評価されている時／子どもや生徒が体験を消費的に処理しているように見える時／参加者が場に溶けて生成側に回った瞬間を見つけた時,Erich Fromm『To Have or To Be?』(1976). 現代人の生き方を二つのモードで整理。Csikszentmihalyi『Flow』(1990)はbeing modeの心理学的記述。Max Weber『プロテスタンティズムの倫理』(1905)はhaving mode的労働観の歴史的起源。Byung-Chul Han『疲労社会』(2010)は達成感に浸る時間が削られる現代を批判。,2026/5/8 没頭の素晴らしさが世に広まらない理由を考察。サービスの受け手視点（having mode）に偏った社会で、生成側に立つ筋肉（being mode）が痩せている、というのが構造的な答え。キープオン・CLAFTの取り組みの本質的な意義を言語化できた。,2026/5/8
positions vs interests（立場と利害の分離）,人は手段（立場）でぶつかるが、目的（利害）まで降りるとそこで重なる部分が必ず見つかる、という対話の構造原理,誰かと意見が割れた瞬間、相手の主張を「なぜそれを欲しているのか」まで降ろす前に反論しそうになった時／会議で平行線が続いている時／自分が「これは譲れない」と感じた時、それが本当の目的か一手段かを確認したい時／Yononakaで参加者が議論モードに入ってしまった時,"Roger Fisher & William Ury『Getting to Yes』(1981, ハーバード交渉プロジェクト). ""positions""と""interests""の分離が中核概念。『ハーバード流交渉術』として知られる。Habermasの「コミュニケーション的合理性」、William Perryの発達段階論（運用できるのはRelativism with Commitment段階）も関連。",2026/5/9 自分の意見が明確化してきた中で、他者とのズレへの対処を整理。手段と目的を分けることで、対立を「ルートの違い」として捉え直せた。認識論的発達の階段を一段上がった自覚と、その先の罠への警戒も得た。,2026/5/9
守破離,型を完璧に守る段階・型を破る段階・型から離れて自分の型を作る段階という、創造性の発達順序,新しいことを始める初回、いきなりアレンジしたくなった時／自分やスクール生が「自由に発想していい」と言われて何も生まれない時／「型通りやれ」が長すぎて破に行く機会を奪われている時／PBLでどこまで型を渡しどこから自由にさせるかの判断が必要な時／事業の新規立ち上げでvalidate前にひねりたい衝動が湧いた時,千利休の和歌「規矩作法 守り尽くして 破るとも 離るるとても 本を忘るな」が原典。世阿弥『風姿花伝』の「序破急」とも近縁。Dreyfusの技能習得モデル、Anders Ericssonのdeliberate practice研究、Eric Ries『The Lean Startup』の「validate→pivot」も同じ構造。,2026/5/10 久しぶりの料理でレシピを完全に守れず、変えなくていい場所まで変えてしまった経験。創造衝動が強みでありリスクでもあることを認識。「目的が型の習得なら守、目的がオリジナル創出なら破」のルールを運用する方針。,2026/5/10
構成的悔やみ vs 道具的後悔,過去への悔やみには「あの経験がなければ今の私はいない（構成的）」と「あの選択をしなければもっと効率的に今に到達できた（道具的）」の二種類があり、混同すると不要な自己否定が生まれる,過去の自分の言動が今から見て「意味不明」「無駄だった」と感じる時／成長を実感した直後に過去への後悔が湧いた時／子どもや若い世代が過去の選択を悔やんでいるのを見た時／自分の事業の過去フェーズを振り返りそうな時,"Søren Kierkegaard 日記(1843)の「人生は前を向いて生きられるが、振り返ることでしか理解できない」が源流。Daniel Gilbert et al.『The End of History Illusion』(Science, 2013)、Hal Hershfield『Your Future Self』(2023)のfuture self continuity研究。Pierre Hadot『Philosophy as a Way of Life』(1995)は反復による深い変化の重要性を説く。",2026/5/11 2022年の自分の必死さを「今から見ると意味不明」と感じることへの違和感を分解。あの時の経験は今の視点を立ち上げるための土台で、構造上無駄ではあり得ない（構成的）。「変わってない深層」を見ると過去との連続性が立ち上がり、後悔の質が変わる。,2026/5/11
cognitive defusion（認知の脱フュージョン）,思考や感情と一体化せず、それを「今ここで心の中で起きている現象」として一歩引いて観察する技法,強い感情に飲まれそうな時／「私は◯◯だ」と思考と自己を同一化しそうになる瞬間／無意識のナラティブが感情を増幅させていると気づいた時／認識チェンジを試みる前段階としてまず思考から距離を取る必要がある時／クライアントや子どもが感情のループに入っている時,"Steven C. Hayes『Acceptance and Commitment Therapy』(1999, ACT). 第三世代認知行動療法の中核技法。Daniel Kahnemanのpeak-end ruleは事実とナラティブのズレの説明。Mark SavickasのAuthor機能はdefusion後の意味編集に対応。健康な順序は「感じ切る→脱フュージョン→意味編集」で、過度に早い意味編集はspiritual bypassingの危険がある。",2026/5/12-13 認識チェンジ（Day15、Author機能）とナラティブからの脱却（Day16、defusion）が対になることに気づいた2日間。サビカス理論のAuthor機能とACTのcognitive defusionが、自分の実践の理論的バックボーンとして繋がった。,2026/5/13
Tiny Habits（微小習慣の設計原理）,習慣化の成否は意志や目的ではなく「失敗からの復帰ルート」「行為自体の心地よさ」「最小単位での開始」の3つの設計で決まる,新しい習慣を始める時／過去に続かなかった習慣を再開する時／クライアントや子ども・スクール生に何かを継続させたい時／自分が完璧主義のスイッチを入れそうになった瞬間／Notion・ジャーナル・運動など自己管理ツールを導入する時,"BJ Fogg『Tiny Habits』(2019, スタンフォード行動デザイン研究所所長). 意志力依存ではなく環境設計と最小単位の積み重ねを重視。Charles Duhigg『The Power of Habit』(2012)は習慣のループ。James Clear『Atomic Habits』(2018)は実装フレーム。Yerkes-Dodson法則とVygotskyの最近接発達領域も支持。",2026/5/14 自己理解（好奇心強・長期管理苦手）を運用（週1点検）に翻訳した日。自分の特性を尊重した上で最小限の構造を入れる設計に到達。続かない時の対策として失敗復帰ルート・環境快楽化・項目最小化の3点を装備。,2026/5/14
異化（ostranenie / defamiliarization）,新しいものを提示するのではなく、見慣れたものを見慣れぬものとして提示し直すことで、新しい認識を生む技法,「最新トレンドを早くキャッチして発信」というSNS的競争に消耗を感じた時／自分の過去の趣味・経験・地元・専門分野を「もう古い」と切り捨てそうになった瞬間／すでに知られているテーマで自分なりの新しい角度を提示できると確信した時／教育や対話の場で参加者の認識を一段ずらしたい時,"Viktor Shklovsky『芸術としての手法』(1917, ロシア・フォルマリズム). 「芸術の目的は認識を新たにすること」が原典命題。Adam Grant『Originals』(2016)、Rory Sutherland『Alchemy』(2019)「物質を変えるのではなく知覚を変える」。Pierre Bourdieu『La Distinction』(1979)は卓越化ゲーム批判。星野リゾート、Warby Parker、Appleが実装事例。",2026/5/15 「新しいものを取って優越する」構造への違和感から、「既存のものに新視点を生成する」差別化アプローチへの転換を着想。自分のストック（音楽・コーヒー・サウナ・阪神・八尾・教育）を異化のレンズで再記述する方向性を得た。,2026/5/15
ユーモアは絶望の上位段階,深刻な状況に飲み込まれず、それを客体化して笑える距離を持つことは、感情処理の最も高度な段階の一つである,自分や他者が失敗・挫折・思い通りにいかない状況に直面した時／重いテーマを伝えなければならないが相手を圧倒したくない時／教育・ファシリテーションの場で参加者が萎縮しているのを和らげたい時／自分自身が突き詰め型の思考で煮詰まりそうな時,Søren Kierkegaard『不安の概念』(1844)で「ユーモアは絶望の上位段階」と提示。Robin Dunbar『Laughter and Endorphin Production』(2012)が笑いの内因性オピオイド系活性化を実証。Brené Brown『Daring Greatly』(2012)が恥の解毒剤としての笑い。Frankl『夜と霧』、桂枝雀の「緊張の緩和」理論も同じ知恵。,2026/5/16 友達の脆さを観察する中で、お笑いが無料のクスリだと直感。これが医学・哲学・心理学で裏付けられた処方箋であることを確認。自分自身が活動全体で運用している「深刻にならずに深いところに行く」漫才的話法も、同じ構造の延長線上にあると認識。,2026/5/16
只管打坐／意味追求のパラドックスからの抜け道,意味を求める心そのものが意味からの脱却を阻むという入れ子構造に対し、目的を持たない時間を持つことが唯一の抜け道である,意味や成果を求めすぎて思考が硬くなっていると気づいた時／「これに何の意味があるのか」と自問しすぎて行動が止まりそうな時／西洋OS的な数値・効率思考に偏っている自覚がある時／サウナ・散歩・寝る前など目的を持たない時間を意識的に持ちたい時／クライアントや子どもが「何のためにやってるのか」のループに入っている時,"道元『正法眼蔵』(1231-1253)の「只管打坐」が原典。Michael Polanyi『The Tacit Dimension』(1966)の暗黙知 ""We can know more than we can tell""。Pierre Hadot『Philosophy as a Way of Life』(1995)は古代ギリシャ哲学が本来「生き方の実践」だった事実を復元。Jon Kabat-ZinnのMBSR、Eckhart Tolle『The Power of Now』も同系譜。",2026/5/17 身体知を言語化することの意味を問い、その問いそのものが硬い思考の発動だと気づくループを観察。「あぁ眠たい、やっと寝れる」を1日の指標として設定。having modeからbeing modeへの転換を日々の自己点検として実装。サウナ習慣もこの系列上にある身体OSへの帰還ルート。,2026/5/17
悪の凡庸さ／自律思考の予防接種としての教育,戦争や虐殺を可能にするのは極悪人ではなく自律的思考を放棄した普通の人々であり、自律を育てる教育はそれへの予防接種である,自分の事業の意味を社会的文脈で位置付け直したい時／教育の価値を「就職に有利」以外の言葉で語る必要がある時／流行を追わずに本質に投資し続ける判断の根拠が欲しい時／戦争・差別・組織の暴走など社会的悪が立ち上がる構造を分析したい時／Yononakaやキャリコンで「なぜ自分の頭で考えるのか」を伝える必要がある時,Hannah Arendt『エルサレムのアイヒマン』(1963). 大量虐殺の指揮者が自律思考を放棄した凡庸な役人だったという発見。Erich Fromm『自由からの逃走』(1941)はself-authorship育成を予防の道と位置付ける。Graham Allison『Destined for War』(2017)はトゥキディデスの罠。丸山眞男『日本の思想』の「無責任の体系」も日本版分析。,2026/5/18 深井龍之介さんの問題提起をきっかけに、キープオン・CLAFTの活動が戦争予防の予防アクションであると自信を持って言語化できた。Day1〜20で扱ってきたテーマが「自律した個人を育てる」軸に収斂することを確認。事業ミッションが20世紀政治哲学の最重要命題と一致するという確信を得た日。,2026/5/18
category design（カテゴリーデザイン経営）,既存カテゴリーの中で競争するのではなく、自分が定義する新カテゴリーを作った者だけが、価格競争から抜け出して長く太い顧客を持てる,自分の事業や活動が「数ある選択肢の一つ」として比較されそうな時／既存業界のフレーム（学習塾・習い事・コンサルなど）に押し込まれて差別化が見えなくなった時／to C事業でランダム発信になりがちな構造への違和感／自分の発信が「他の人と何が違うのか」を一言で言えない時／独自性が言語化できてカテゴリーを定義する自信が立った瞬間,"Lochhead, Ramadan, Peterson『Play Bigger』(2016). カテゴリーキング戦略。Henry Mintzberg『The Rise and Fall of Strategic Planning』(1994)のemergent strategy。Seth Godin『This is Marketing』(2018)のsmallest viable audience。Andrey Mir『Postjournalism』(2020)のbroadcast/social/algorithmic era。星野リゾート、ライフネット生命が事例。",2026/5/19 細木数子フィクションを観てメディア時代の変化を肌感覚で再認識し、その中で自分が提供したい「普遍の価値」を事業戦略として整理。既存の習い事カテゴリーで競争するのではなく「囚われをほぐし、こだわりをひらく場」という独自カテゴリーを定義する方向性を得た。,2026/5/19
Generativity（生成性）における少年性の再起動,30〜40代のGenerativity段階で、人は次世代に何を残すかを中心課題にしながら、自分の子ども時代の遊びの感覚を再起動させる,30〜40代で「子どもみたいに何かに夢中になっている自分」に気づいた時／親として子と接する中で自分の少年期と再会する感覚があった時／新しい技術や領域に本気でハマっている自分に祝福を見出したい時／起業家・教育者として少年性を失ってきてる自分の老成を点検したい時／子どもに大人として本気で面白がる姿を見せる時,Erik Erikson『Childhood and Society』(1950). 成人期中盤のGenerativity vs Stagnation段階。Sherry Turkle『Alone Together』(2011)はテクノロジーとの関係で立ち上がる自己。Csikszentmihalyi & Seligman『Positive Psychology』(2000)は幸福が生み出す実感に宿ると整理。岡本太郎『自分の中に毒を持て』、佐々木正美『子どもへのまなざし』も関連。,2026/5/20 生成AIへの少年的没入を観察。30近くになってこれほどハマる自分への驚きが、Generativity段階の正統な発動だと位置付けられた。Day1〜22で立てた理想とAI能力の共鳴が興奮の正体。期待感ではなく創造の実感を主軸に置く、少年性を失わない設計を意識する。,2026/5/20
Deep Work（深い集中時間の戦略資源化）,通知・会議・SNSで断片化される現代において、長時間連続して深く考えられる能力は最も希少な戦略資源である,自分の「内向き時間が長い」性質を欠点として捉えそうになった時／日々のスケジュールから深い思考時間が削られていると気づいた時／外向き型起業家のネットワーキング戦略を真似しようとして違和感を感じた時／自分の事業戦略を性格構造と整合させて立てたい時／内向き型でも事業を成長させる道筋が見えなくなった時,Cal Newport『Deep Work』(2016). 深い集中能力が現代で最も希少なスキル。Susan Cain『Quiet』(2012)は内向型の戦略的優位性。Anders Ericssonのdeliberate practice。宮本武蔵『五輪書』、為末大『熟達論』(2023)も同系譜。Peter Thiel『Zero to One』は「深く考えた人だけが見える領域」を論じる。,2026/5/21 自分の環境（父との経営、自宅近接、新生児、一人作業中心）を欠点ではなく戦略資源として読み替えた日。内向き時間を聖域化し、内向きの成果を外向きに発信する装置を作り、少数濃い関係をプレミアム化する戦略の方向性を得た。性格構造と事業戦略が同じ方向を向いている自覚。,2026/5/21
arrival fallacy（到着の罠）／観察者の声と鼓舞者の声の共存,目標到達で幸せになると信じる人ほど到達した瞬間に次の目標に飛び移り永遠に到達しない、ただし鼓舞する声と観察する声の両方を持つ人は走り続けられる,「理想に届いていない」「もっと頑張らねば」と焦りを感じた時／自分を奮い立たせる声が自分を観察する声を上書きしそうになった瞬間／ネガティブ感情を「無駄」として切り捨てそうになった時／ストア派的な「行動に戻れ」と仏教的な「感じ切れ」のどちらを取るか迷った時／長期的な事業や人生の走り方を設計したい時,"Tal Ben-Shahar『Happier』(2007)が""arrival fallacy""を概念化。Marcus Aurelius『自省録』、Ryan Holiday『The Obstacle Is the Way』(2014)はストア派。Ellis/Beck/HayesのCBT/ACTは「行動を変える」。Carl Rogers、Jon Kabat-Zinnは逆方向（感じ切る）。Stephen Porges『The Polyvagal Theory』(2011)は身体から整える経路の優位性。",2026/5/22 自己鼓舞の檄文として書いた日。実践哲学の核心と一致する到達であると同時に、spiritual bypassingへの警戒・身体OSへの帰還との接続が必要。「理想に向かう焦り」と「今日の身体感覚への満足」を両立させる運用が、長期的に走り続ける鍵。,2026/5/22
focused mode と diffuse mode の往復（学習・創造の二モード論）,深く集中するモードと、ぼんやり広く漂うモードを意図的に往復することで、定着と創造の両方が起きる,カリキュラムや学習設計で「集中させる」一辺倒になっている時／逆に「自由にやらせる」だけで定着が起きていない時／自分の仕事で集中時間と散歩・休憩・サウナの時間のバランスを設計したい時／子どもや生徒が「分からない」と止まっている時、別モードへの切り替えが必要な瞬間／創造的なアウトプットが出ない時,"Marcus Raichle (PNAS, 2001)がDMNを発見。Roger Beaty et al. (PNAS, 2018)はDMNとExecutive Control Networkの連携が創造性を予測。Barbara Oakley『A Mind for Numbers』(2014)がfocused/diffuse modeとして翻訳。John Sweller のcognitive load theory、Roediger & Karpicke のtesting effect。Killingsworth & Gilbert (2010)は無制限の拡散モードへの警戒も提示。",2026/5/23 暗記学習批判から始まったが、より精緻には「focusedモード一辺倒の教育設計」批判であり、処方箋は「両モードの往復をカリキュラムに織り込む」こと。CLAFTのカテゴリーデザインに直接活用可能。Day1〜25の蓄積が教育設計思想として収束しつつある。,2026/5/23
core trait と free trait の区別（性格は変えない、行動だけ設計する）,人は不変の性格の核（core trait）を持ちながら、場面に応じた振る舞い（free trait）を選べるので、修正対象は性格ではなく行動である,自分の性格を「直したい」と思った時／他者の性格を変えようとしている自分に気づいた時／子どもや生徒の気質を矯正しようとしそうになる場面／自分の気質を活かしつつ特定の行動だけ修正したい時／自己改善本の「性格を変えろ」式メッセージへの違和感を整理したい時,"Brian Little『Me, Myself, and Us』(2014). core trait（生得的・不変）とfree trait（場面選択的）の区別。Carl Rogers『On Becoming a Person』(1961)は自己肯定と自己改善の両立。Bob Rotella『Golf is Not a Game of Perfect』と""slow is smooth, smooth is fast""。Sian Beilock『Choke』(2010)はchoking under pressure。Kabat-ZinnのMBSR。",2026/5/24 草野球での手打ちと日常での足指ぶつけから、気質と行動の関係を整理。気質は肯定し、行動だけを修正する方向で運用開始。3秒呼吸・1日1動作のゆっくり練習・身体失敗の認知観察、の3つを実装予定。3ヶ月の時間軸で焦らず進める。,2026/5/24
eudaimonic well-being（意味と成長を伴う幸福）／「違いを愛せる」倫理,快楽の追求ではなく意味ある活動の副産物として訪れる幸福と、他者の他者性そのものを贈り物として迎えられる倫理的境地は、深く結びついている,自分の今の幸福感の由来を問い直したい時／hedonic（快楽的）な幸福とeudaimonic（意味的）な幸福の違いを実感した瞬間／他者との意見の違いを脅威ではなく贈り物として受け取れた経験／自分が誰かに「ひらく」を強要しそうになっている時／同類が身近に少ないことへの孤独感を希少性として再解釈したい時,Aristotle『ニコマコス倫理学』のeudaimonia。Viktor Frankl『夜と霧』の「幸福は意味ある仕事の副産物」。Ryan & DeciのSelf-Determination Theory、Carol Ryffのpsychological well-being。Emmanuel Levinas『全体性と無限』(1961)は他者の他者性への応答を倫理の中心に。Philip Tetlock『Superforecasting』(2015)。森田正馬の「あるがまま」、鈴木大拙の「不二」も近い。,2026/5/25 自分の幸福が「メタで構造を捉え、違いを愛せる」気質と、それを共有する場（Yononaka 4年間）の蓄積から育ったと自覚。Aristotle以来2500年続く知的・倫理的系譜の現代版の一人として位置付け。同類は「探す」ではなく「灯台になって寄ってくる」設計で運用する。,2026/5/25
Marketing Myopia（マーケティング近視眼）／こだわりとエゴの履き違え,販売者が自分の専門性・思想・こだわりに夢中になるあまり、顧客が本当に欲している基本的価値を見落とす構造的な罠,自分の事業の売上が伸び悩んだ時、深い戦略の前に基本変数（価格、送料、利便性、信頼性）を点検すべき瞬間／「商品の質で選んでほしい」「本質を分かってくれる人に届けたい」と思っている自分に気づいた時／顧客の合理的な欲求を「妥協」として退けそうになった時／こだわりとエゴを区別する必要がある時,"Theodore Levitt ""Marketing Myopia"" (HBR, 1960). 「ドリルを買う人はドリルではなく穴が欲しい」。Peter Drucker『マネジメント』、Clayton Christensen『Competing Against Luck』(2016)のJobs to Be Done。Kahneman & Tverskyのavailability heuristic。稲盛和夫『生き方』のお客様第一。",2026/5/26 ショップ運営で送料という基本変数を見落としていた事実に気づいた日。深い戦略思考と基本変数の点検は別の作業として分けて時間を取る必要がある。Day13のひねり癖が事業の特定領域に現れていた事例として記録。Day21の「やりたくない手段の排除」と今日の「基本変数の最適化」は両立する。,2026/5/26
empathy vs rational compassion（共感と理性的思いやりの区別）／共感性と自律性の補完関係,感情の同調としての共感は判断を歪めることがあり、距離を保ちながら相手のために考える理性的思いやりと、共感性を補完する自律性を同時に育てる教育設計が必要である,共感性が高い人が周囲の意見に流されている様子を見た時／自分自身が「聴く」と「信じる」を混同して判断を曇らせそうになった瞬間／子どもや生徒の共感性を伸ばす教育を考える際それだけでは足りないと感じる時／日本の教育の「相手の気持ちを考える」一辺倒への違和感を整理したい時／組織やコミュニティで同調圧力が働いている構造を分析したい時,"Paul Bloom『Against Empathy』(2016). empathy（感情の同調）よりrational compassionが倫理的判断に必要。Solomon Aschの同調実験(1951)。Mark Granovetter ""The Strength of Weak Ties""(1973)。John Stuart Mill『自由論』(1859)。Arendt『エルサレムのアイヒマン』の悪の凡庸さ。丸山眞男『日本の思想』も日本的同調主義を分析。",2026/5/27 共感性が高い人ほど周りに左右される構造への気づきから、教育設計の言語を精緻化。「共感性を否定する」のではなく「共感性に自律性を組み合わせる」教育としてCLAFTやYononakaを位置付け直し。将一郎さん自身が日本の教育を受けた共感性の高い人として、自律性を後天的に育ててきた歩みの言語化でもある。,2026/5/27
negative capability（消極的能力）／矛盾を抱えたまま生きる力,不確実さ・矛盾・疑いの中に、性急に答えや理由を求めずに留まり、なお機能し続ける能力,二つの相反する欲求や考えが自分の中に同居して苦しい時／「結局どっちが正解なのか」と性急に答えを出したくなった瞬間／矛盾を「解決すべき問題」として扱いそうになった時／速さと遅さ、衝動と丁寧さ、行動と熟成のような対立軸の間で揺れている時／ファシリテーションの場で参加者が答えのない問いに耐えられず焦っている時,John Keatsが1817年の書簡で提唱したnegative capability。F. Scott Fitzgerald『The Crack-Up』(1936)。Byung-Chul Han『時間の香り』(2009)は現代の活動過多を批判。岡本太郎『自分の中に毒を持て』(1993)は衝動への正直さ。道元の只管打坐、Wilfred Bionの臨床能力としての再評価、Roger Martin『The Opposable Mind』(2007)の統合思考も関連。,2026/5/28 速い思考の居心地よさと遅い思考の必要、行動と熟成の矛盾を、解かずに抱えられた日。岡本太郎の言葉を起点に、これまで掘ってきた概念（没頭・異化・只管打坐・少年性・Deep Work）が一点に集合。Day1で答えを求めていた自分が、答えのない問いに留まれるようになった到達点。,2026/5/28
比較から降りる言葉と身体／negative capabilityの生活実装,「○○の方がいい」という比較話法と、スマホによる無限比較から降りて、肯定だけを言葉に置き、身体を持続する時間に戻すこと,「○○の方がいい」「○○に比べて」が口をついて出そうな瞬間／何かを褒める時、他を下げる構造で褒めそうになった時／スマホで無限スクロールしている自分に気づいた時／頭の中が点の時間で埋まり持続する時間が失われていると感じた時／サウナ・散歩・読書など比較の対象が消える時間を取りたい時／子どもや生徒の良さを他の子と比較せずに語りたい時,Ferdinand de Saussure『一般言語学講義』(1916)の「意味は差異から生まれる」。Emmanuel Levinas『全体性と無限』(1961)は他者を全体性に位置付けず固有性において迎える倫理。Keatsのnegative capability、Fitzgerald。Byung-Chul Han『時間の香り』。フィンランドのhiljaisuus（沈黙・静謐）。岡本太郎『自分の中に毒を持て』、道元『正法眼蔵』の「自己をならふ」も近い境地。,2026/5/29 31日間の最終日。サウナという身体実装と、「○○の方がいい」をやめるという言葉の実装、両方が「比較から降りる」一つの動きとして到達した日。これまでの蓄積の集大成。Day1で言語化を求めていた自分が、言語化の倫理を選ぶ自分に変わった、最も深い変化。,2026/5/29
予定不調和の心地よさ／durée（真の時間）を生きる,予測可能な未来は真の創造を生まない、自分で選んだ緩い枠の中で予定不調和を歓迎することが、没頭とサプライズとan experienceを生む,予定をびっしり埋めた一日が終わった後、達成感はあっても没頭の感覚がなかった時／逆に予定なしで過ごした一日が散漫に終わった時（完全自由もフローを生まない）／サプライズを設計しようとして、設計してる時点でサプライズじゃないと気づいた時／家族・スクール生・参加者に忘れられない体験を提供したい時,Henri Bergson「創造的進化」(1907) のdurée（真の時間）概念。John Dewey「Art as Experience」(1934)のan experience。Csikszentmihalyiのフロー研究は「明確な目標・即時のフィードバック・挑戦と能力のバランス」がフロー条件。Tania Luna「Surprise」(2015)はサプライズ心理学で贈る側の没頭がサプライズの真の源泉と整理。岡本太郎「今日の芸術」(1954)。,2026/5/30 31日完走後の新たな一周目で予定不調和の心地よさをテーマに置く。アプリ仕様書とデータ整備と生き方としての予定不調和の同居を象徴する日。自分が予定不調和を生きること自体が周囲へのサプライズになるという視点を獲得。,2026/5/30
二階建ての選択／decision fatigueを踏まえた自律の運用設計,自律とは全部自分で選ぶことではなく、何を自分で選び何を自動化・委任・AIに任せるかを自分で決める、二階建ての選択である,全部自分で決めなければと感じて疲弊している時／逆に全部誰かに任せたいと判断停止しそうになる時／自分の選択能力が午後になると鈍ると感じる時／子どもや生徒に自由に選んでいいよと言って、相手が困っているのを見た時／3つの選択ギャップ（選びたいけど選べない／選びたくないのに選ばされる／いきなり選べと言われて困る）が誰かを苦しめている瞬間,Roy Baumeister「Willpower」(2011) のdecision fatigue研究。Isaiah Berlin「Two Concepts of Liberty」(1958) のpositive liberty/negative libertyの区別。Edward Deci & Richard Ryan のSelf-Determination Theory。Barry Schwartz「The Paradox of Choice」(2004) のmaximizer vs satisficer区別と選択肢過多の罠。Cal Newport「Slow Productivity」(2024)。,2026/5/31 自律論が運用設計レベルに到達。Day20で立てた事業ミッションが、抽象論から実用的な二階建ての選択論に翻訳された。CLAFTやYononakaで自律を伝える時の言語が一段精緻化された。3つの選択ギャップは子育て・教育・キャリア相談の診断ツールとして使える。,2026/5/31
cross-pressures（複数方向の圧力）／揺れは健全さの証,現代人は単一の価値観を生きるのではなく複数の価値観の間で常に引っ張られており、その揺れに気づける能力こそが本物の選択をしている証拠である,自分の信念に基づく行動をしているのに、ふと社会の常識と比較してハッとする時／自分は間違ってるんじゃないかと他者の価値観に揺れそうになった瞬間／逆に絶対に自分が正しいと一切揺れない自分に気づいた時（無自覚に閉じこもっている可能性）／揺れること自体を弱さだと感じて自己否定しそうになった瞬間,Charles Taylor「A Secular Age」(2007) のcross-pressures概念。Carl Rogers「On Becoming a Person」(1961) のunconditional positive regard。William Perryの認識論的発達でRelativism with Commitment段階。Peter Drucker「現代の経営」(1954) 企業の目的は顧客の創造、利益は目的ではなく条件。,2026/6/1 自分の事業選択（お金より子どもへの寄り添い）と社会的常識の間で揺れることへの違和感を整理。揺れは弱さではなく両方を真剣に受け止めてる証拠であり、ハッとする能力そのものが事業の質を守る防衛装置として機能している。,2026/6/1
保存層と伝達層の分離／図式化は簡素化ではない,思考の保存層は複雑なまま保ち、伝達層は相手の認知容量に応じて段階的に開く、この二層構造を意識的に運用することで複雑性愛好と伝達責任が両立する,他者から行動不足・結果が出ていないなど、自分の脳内が見えていないことに由来する評価を受けた時／複雑な構想をもっとシンプルに言ってと求められて、本質が失われそうになる瞬間／AIに自分の脳内を渡して言語化を介助してもらう時,Edward Tufte「The Visual Display of Quantitative Information」(1983). 情報デザインの古典。Donella Meadows「Thinking in Systems」(2008) はシステム図でストック&フローとフィードバックループを描く方法論。Marshall Rosenberg「Nonviolent Communication」(2003) の観察/解釈/感情/ニーズ分離法。Andy Clark「Supersizing the Mind」(2008) のextended mind thesis。川喜田二郎「発想法」(1967) のKJ法。,2026/6/3 他者から行動不足を指摘されたことに対し、感情的応答ではなく構造的応答（脳内の可視化）を選んだ日。AI協働の往復スタイルが、保存層と伝達層を分ける運用の実装になっていることを自覚。,2026/6/3
sensemaking（センスメイキング）／Early Adopterの翻訳者役割,人は自分が何を考えているかを話してみるまで知らない、伝えることが思考を明晰化する装置であり、変化の早い人は届かなさを翻訳の仕事として引き受ける,自分の考えが近い人に届かないと感じた時、変化のスピードのズレと翻訳の必要として再解釈したい時／一人で考えていて煮詰まった時、伝えてみるを思考の深化装置として使いたい瞬間／思考の共有相手と感情の共有相手を別の人にしていいと自分に許可したい時／7-8割伝わったことを成功として受け止め直したい時,Karl Weick「Sensemaking in Organizations」(1995). Everett Rogers「Diffusion of Innovations」(1962) のイノベーション普及曲線（Innovators 2.5% / Early Adopters 13.5% / Early Majority 34% / Late Majority 34% / Laggards 16%）。Geoffrey Moore「Crossing the Chasm」(1991)。Marshall McLuhanのコミュニケーション論。Salvador Minuchinの構造的家族療法。,2026/6/4 一番近い人に伝えて7-8割しか届かなかった経験から、変化のスピードのズレと翻訳の必要を構造的に理解。届かなさを失敗ではなく成功として、Early Adopterの翻訳者役割として位置付け直した。,2026/6/4
教育者は環境設計の中で最も変容する／意思決定の身体的マーカー,教育的環境を設計する者は、その環境の中で最も深く変容し、感情（身体的マーカー）が選択肢を絞り込んだ後に論理が最終確認するという意思決定構造を自分のものにできる,自分が設計した場や習慣が、自分自身をどう変えてきたかを振り返る時／メリット・デメリットの分析だけで決められない判断に直面した時／心で決めるを主観的・弱い基準だと自己評価しそうになった瞬間／逆に心で決めるが衝動的判断に滑りそうになった時／Yononakaやスクールが参加者をどう変えているかを言語化したい時,"John Dewey「Experience and Education」(1938). Bernard Williams「Moral Luck」(1981)のthick/thin concepts区別。Antonio Damasio「Descartes Error」(1994)のsomatic marker hypothesis。Tasha Eurich「Insight」(2017) の自己認識力研究。Daniel Kahneman「Thinking, Fast and Slow」(2011)のSystem1/2。日本では大村はま、林竹二、河合隼雄など。",2026/6/5 Yononakaワーク後の自覚。4年間「正解不正解なし、感じたまま共有」の場を設計してきたことで、自分自身の意思決定基準がメリット/デメリットから心の動きに書き換わった。Damasioのsomatic markerが意識的に使えるレベルに到達。,2026/6/5
ケイパビリティ・アプローチ,豊かさをモノや所得ではなく「価値ある生き方を選んで実現できる能力」で測る考え方。,物質的豊かさで人や社会を評価しそうになったとき／「楽しそうだから問題ない」で止まりそうなとき、選択肢の有無を別軸で確認する。,Amartya Sen『Development as Freedom』1999、『不平等の再検討』1992,虹の学校の子らは「いまを味わう力」では豊かだが、「移動・国籍の自由」というケイパビリティは奪われている。豊かさの二層を分けて見る視点をもらった。,2026/6/5
autotelic personality（自己目的的パーソナリティ）,外的報酬がなくても、置かれた環境そのものを意味と楽しさの源泉に変えられる人の性質。,「環境が整ってないからできない」と感じたとき／子どもや自分の「おもしろがる力」を設計・観察したいとき。,Mihály Csíkszentmihályi『フロー体験 喜びの現象学』1990,パソコンがなくても紙に絵を描いて自分を表現する子らの姿が、autotelicそのもの。「おもしろがるってのがキー」という自分の言葉の学術的な裏づけ。,2026/6/5
satisficing（満足化）,最適解ではなく「これで十分」という基準で意思決定する、限られた人間にとって現実的かつ知的な態度。,完璧なバランスや最適解を求めて消耗しそうなとき／「もっと良くできたはず」という気持ち残りが出たとき。,Herbert Simon『Administrative Behavior』1947（ノーベル経済学賞1978）,つけ麺の並か大盛かに最適解はなく、食べるまでわからない。「並でうまかった、それで十分」が実は知的に正しい。「まあこういうもんやな」という自分の割り切りの学術的裏づけ。,2026/6/6
maximizer vs satisficer,常に最善を求める人(maximizer)は客観的にはいい選択をするが、後悔から逃れられず主観的には不幸になりやすい。,完璧主義の「危険なにおい」を感じたとき／選択後の後悔・気持ち残りが習慣化しそうなとき。,Barry Schwartz『The Paradox of Choice』2004,「完璧主義は危険なにおいがする」という自分の嗅覚は、maximizerの不幸を指摘したこの研究と一致。satisficer側に意識的に立つことを選びたい。,2026/6/6
identified regulation（同一化的調整）,外から来た目的を「自分の価値」として取り込んだ動機。外発的動機の中で最も内発に近く、質が高い。,「誰かのため」「義務感」で動いている自分を、押し付けか自分の価値かを見分けたいとき。,Edward Deci & Richard Ryan『Self-Determination Theory』2017（原型1985）,「家族のため」が義務でなく自分の価値そのものなら、好奇心（内発）と対立せず地続き。だから「両方高める設計」が原理的に可能だと分かった。,2026/6/6
otherish giver,自分の関心と他者貢献を両立させる与え手。自己犠牲的な与え手(selfless)は燃え尽きるが、otherishは最も成功する。,「誰かのため」に振り切って自分のエンジン（好奇心・関心）が枯れそうなとき。,Adam Grant『Give and Take』2013,「家族のため」だけに振り切ると好奇心が枯れ、好奇心だけだと意味の重しが効かない。両基点火（otherish）こそ「2つが交わって両方高まる」設計の正解ルート。,2026/6/6
pivot（ピボット）／build-measure-learn,完璧な計画より先に動き、反応から学び、軸足を保ったままやり方を変えていく反復的な進め方。,計画通りに進まず方針転換するとき／「整わない・安定しない」と感じるが前に進んでいるとき。,Eric Ries『The Lean Startup』2011,「リアクションが違ってやり方を変える」はpivotそのもの。軸足（core）が地についているからこそ片足を自由に振れる。整わなさは不健全ではなく学習のループの中にいる証拠。,2026/6/7
動的平衡,生命は固定した安定ではなく、絶えず分解と合成を繰り返す流れの中でかろうじて形を保っている。,「安定しない・整わない」ことを不安に感じたとき／停滞と変化の違いを見極めたいとき。,福岡伸一『生物と無生物のあいだ』2007、『動的平衡』2009,整っていないことが不健全なのではなく、流れ続けることでしか安定できないのが生命。今の自分の状態は停滞でも混乱でもなく動的平衡だと捉え直せた。,2026/6/7
aspiration level（要求水準）,「これ以上なら満足」という線を事前に引いておき、出力がそれを超えたか否かで採否を判断する基準点。,達成/未達がわからず判断が宙吊りになるとき／際限なくハードルが上がってsatisficeできないとき。,Herbert Simon『Administrative Behavior』1947,「基準点の上下で判断したい」という自分の欲求そのもの。満足化は要求水準を先に決めて初めて作動する。基準の不在が行動の停止を生んでいた。,2026/6/9
フィードバック分析（期待の事前記録）,決定時に「期待する結果」を先に書き留め、一定期間後に実際と照合して自分の基準と実力を知る方法。,判断の瞬間に基準を作れず迷うとき／自分の意思決定の精度を後から検証したいとき。,Peter Drucker『プロフェッショナルの条件』／cf. フランクリン十三徳,先人は判断時に基準を作らず、冷静なときに先に書いて固定し、判断時は「照合するだけ」にしていた。基準設定の難しさへの歴史的な処方箋。,2026/6/9
報酬予測誤差（reward prediction error）,ドーパミンは報酬そのものより「予測と現実のズレ」に反応し、報酬を得た瞬間より「来るかも」と予測した瞬間に最も強く出る。,結果が出る前なのに感情が大きく動くとき／「予想するだけで楽しい/苦しい」のはなぜかを理解したいとき。,"Wolfram Schultz, 'A Neural Substrate of Prediction and Reward', Science 1997",IPO抽選で「まだ見ぬ金曜日にワクワク」している正体。当選や値上がりという結果ではなく、予測している時間そのものが脳の報酬になっている。,2026/6/9
制御幻想（illusion of control）,偶然に左右される事象でも、自分が関与すると主観的にコントロールできていると感じてしまう認知の傾向。,運の要素が大きいのに「自分の采配次第」と感じるとき／関与することで楽しさや当事者感が増すとき。,"Ellen Langer, 'The Illusion of Control', JPSP 1975",抽選は完全に運なのに「タイミングを見計らう」「いつ売り抜くか」という関与が、采配している感覚を生み、ただ待つより能動的な楽しさにしている。,2026/6/9
view from above（俯瞰からの眺め）,動揺や怒りに襲われたとき、意識を宇宙的・永遠的なスケールまで引き上げ、自分の悩みを相対的に小さく見ることで平静を取り戻すストア派の技法。,喧嘩・イライラ・焦りで視野が狭くなったとき／目の前の出来事に飲み込まれそうなとき。,マルクス・アウレリウス『自省録』（2世紀）,「壮大な時間・空間を描けばいい」という自分の箴言は、ストア派のview from aboveとほぼ一致。自力でこの技法にたどり着いた。,2026/6/10
self-distancing（自己距離化）,感情に飲まれたとき「壁の上のハエ」のように距離を取った視点から自分を眺めると、感情の強度が下がり思考が明晰になる。,怒りや反芻がループしているとき／一人称の感情に没入して抜けられないとき。,Ethan Kross & Özlem Ayduk（2011〜の一連の研究）,「壮大な時空を描く」のは、self-distancingの空間版・時間版。実験で効果が確認されている技法に直感でたどり着いていた。,2026/6/10
エネルゲイア vs キーネーシス,目的が活動そのものに内在し今ここで完結する活動（エネルゲイア）と、目的が外の未来にあり達成したら終わる手段的活動（キーネーシス）の区別。,「これは何のためにやっているのか」を問うとき／没入の実感と、よりよく生きる設計が衝突するとき。,アリストテレス『形而上学』第9巻,ルーティン（よりよく生きるため＝キーネーシス）を、衝動（やること自体が目的＝エネルゲイア）が突き破る。「生きてる実感」が湧くのはエネルゲイアの側。二つの「生きる」の中身の違いの正体。,2026/6/11
natality（誕生性）／労働・仕事・活動,予測できない新しいことを始める瞬間（活動＝action）にこそ人間性が宿るというアーレントの考え。新しさの到来が「生きる実感」を生む。,新しい景色・初めての試みに突き動かされたとき／衝動を単なる逸脱と片付けず意味を見たいとき。,ハンナ・アーレント『人間の条件』1958,Fableで「今までにない景色」を見てルーティンを蹴ってでもやりたくなったのは、単なる衝動でなくnatality（新しさの誕生）かもしれない。だから生きる実感が宿る。,2026/6/11
スポットライト効果,人は他人が自分のことを実際よりずっと注目し覚えていると過大評価する認知の偏り。,「あの人、自分をこう思ってるのでは」と他者の評価が気になって動けないとき。,Thomas Gilovich & Kenneth Savitsky（2000）,自分が相手の評価を気にしているほど、相手はこちらを考えていないのが現実。他者の視線で行動が縛られそうなときの解毒剤。,2026/6/12
課題の分離,他者が自分をどう思うかは「他者の課題」でコントロール不能、自分がどう行動するかが「自分の課題」。混ぜると動けなくなる。,他者の評価への不安が自分の行動を止めているとき／何が自分の責任範囲かを見極めたいとき。,"アルフレッド・アドラー（cf.『嫌われる勇気』岸見一郎・古賀史健, 2013）",「結局は自分の思ったことを行動に移せるか」という自分の着地は、課題の分離そのもの。他者の評価（他者の課題）と自分の行動（自分の課題）を分ける。,2026/6/12
コンストラクショニズム（構築主義）,人は何かを作る過程でこそ最も深く学ぶ。頭で理解してから作るのではなく、作りながら理解が立ち上がる。,新しいツールや概念を「触りながら覚える」とき／学びの設計で、座学より制作を先に置きたいとき。,シーモア・パパート『マインドストーム』1980,AIを触りながら学び、ゲームや成長日記アプリを作る中で習得している自分の姿そのもの。MITでLOGOを作ったパパートは、キープオンラーニング（ロボットプログラミング教育）の思想的先祖でもある。,2026/6/13
0→1は人間／1→NはAI（生成AIの役割分担）,生成AIは既存データから1→Nを生成するのが本質で、まだ存在しない問いを立てる真の0→1は人間が担う領域。0が尖るほど1→Nが活きる。,AIに何を任せ何を自分が担うかを設計するとき／創造プロジェクトの種をどこに置くか考えるとき。,（自分の好奇心駆動キャリア理論の左右軸＋生成AIの生成原理）,「0→1は人間が担いたい」「AIなしに形にできない領域ほど醍醐味」という実感。これは「AIにはできない（事実）」より「自分が手放したくない（価値選択）」として握るほうが、AIの性能に左右されず強い。,2026/6/13
フローは必ずしも善ではない（複雑性の基準）,フローの条件はギャンブルやSNSも満たす。自己を成長・複雑化させるフローと、自己を消費させるフローがあり、後者は中毒に使われる。,没入しているが、それが良い没入か「吸われている」だけかを見分けたいとき。,M.チクセントミハイ『フロー体験』1990／『フロー体験とグッドビジネス』2003,AIコーディング（自己が複雑化する）とSNS（複雑化しない）の後味の違いの正体。提唱者本人がフローの危うさを警告していた。,2026/6/14
autotelic vs exotelic（主導権の所在）,活動自体が目的(autotelic)なら自分が時間の主人で意味が残る。目的が外にある消費(exotelic)は活動に従属させられ「吸われた」感が残る。,同じ没入でも意味を生むものと時間を奪うものを区別したいとき／SNS等の変動報酬に点火させられていないか点検するとき。,M.チクセントミハイのフロー理論（autotelic概念）／cf. 変動報酬・アテンションエコノミー批判,コーディングは自分が点火するフロー、SNSは設計者が点火するフロー。意味とは「自分がその時間の主人であった」という事後の手応え。点火スイッチが自分側か向こう側か。,2026/6/14
集中戦略（Focus Strategy）,特定セグメントに絞って深くサーブすることで競争優位を築く戦略。中途半端（stuck in the middle）が最も危ない。,広いネットワーク型の組織に違和感を覚えたとき／自分の事業の範囲と深さを設計するとき。,Michael Porter『競争の戦略』1980,みせるばやおの広いネットワーク型と、自分の「狭くても深く刺さる」志向の違い。ポーターの集中戦略は、自分のスタイルの学術的な名前。,2026/6/16
弱い紐帯の強さ,新しい情報や機会は親しい友人(強い紐帯)より、たまにしか会わない知人(弱い紐帯)からもたらされる。,「1人が居心地いい」と閉じかけたとき／新しい顧客・機会がどこから来るかを考えるとき。,Mark Granovetter 'The Strength of Weak Ties' 1973,強い紐帯(気の知れた仲間)だけだと新しい情報が入らない。みせるばやおの場を「保留」にするなら、弱い紐帯を別の手段で確保する設計が要る。,2026/6/16
アブダクション（仮説的推論）,予測が外れた驚きから「なぜ？」と問い、新しい仮説を生み出す第三の推論形式。演繹でも帰納でもなく、驚きこそが知の出発点。,予測が外れたとき／「なぜこうなった？」から新しいアイデアが生まれる瞬間／引っかかり日記に書くべきエントリを感知するとき。,Charles Sanders Peirce（1903年ハーバード講義ほか）,「予測できないことが起こった時、それは今後のアイデアにつながる」という直感そのもの。引っかかり日記の本質は「驚きから仮説を生む」abductionの反復実践装置。,2026/6/18
反脆弱性（antifragility）,ストレス・変動・予測不可能な出来事によって壊れるのではなく、むしろ強くなる・成長するシステムの性質。頑健（robust）の先にある概念。,予測不可能な出来事を「リスク」ではなく「成長の燃料」として捉えたいとき／変動や混乱の多い状態を肯定的に設計するとき。,Nassim Nicholas Taleb『Antifragile: Things That Gain from Disorder』2012,予測できないことで世界が面白くなるという実感そのものが反脆弱的な生き方。息子の発熱→病院→愛おしさ→かけがえのなさ、という経験が壊すのではなく豊かにしている。引っかかり日記自体が反脆弱システム：予測不可能な入力が来るほど蓄積が豊かになる。,2026/6/18
co-rumination（共反芻）,友人同士で問題や不満を繰り返し語り合う行為。関係の親密さは上がるが、抑うつ・不安も同時に上がるという二重の効果を持つ。,友人や同僚との会話が「嘆きの共有」になっているとき／共感と消耗の境目を判断したいとき。,"Amanda Rose, 'Co-Rumination in the Friendships of Girls and Boys', Child Development, 2002",友達の自虐的な嘆きに「プラスにならない」と感じた直感の裏づけ。接着剤として機能する一方で心理的コストがある。自分がこの回路を使わないのは、別の接着剤（対話・共創）を持っているから。,2026/6/19
phatic communion（交感的言語使用）,情報伝達ではなく「私たちは同じ場にいる」という関係確認のために使われる言語行為。天気の話、挨拶、自虐ネタなど。,相手の発言を文字通り受け取るか、場の共有の合図として受け取るかを判断するとき。,"Bronisław Malinowski, 'The Problem of Meaning in Primitive Languages', 1923",「32歳なんて嬉しない！」は文字通りの主張ではなく、場を共有するための交感的発話。内容ではなく機能で言語を読み分ける視点。,2026/6/19
superiority illusion（優越の錯覚）,ほぼすべての人が「自分は平均より優れている」と信じる認知バイアス。論理的にありえないのに脳の標準装備として機能し、自尊心を守る保護機構でもある。,「なぜ人は優れていると思いたがるのか」と問いたい時／教えたくなる衝動が湧いた時／他者の自己過大評価に違和感を覚えた時／自分の自己評価の精度を疑いたい時。,Kruger & Dunning（1999）/ Yamada et al. 'Superiority illusion arises from resting-state brain networks modulated by dopamine' PNAS（2013）,「なぜ秀でたいと思ってしまうのか」という問いの出発点。ドーパミンが自己像を良く見せる保護機構だと分かると、欲求を責めるより「気づく」方向に切り替えられる。,2026/6/19
I-message（アイ・メッセージ）,「あなたは〜」（You-message）ではなく「私は〜と感じた・思った」と主語を自分に置いて伝える話法。相手のフレームを上書きせず、自分の体験だけを差し出す。,教えたくなる衝動が湧いた時／年下・後輩と話す時に正解主義が顔を出しそうな瞬間／対話の場で参加者が萎縮している時／自分の意見を伝えつつ相手の主体性を残したい時。,Thomas Gordon『Parent Effectiveness Training』（1970）,「教える態度ではなく、自分はこう思う！に置き換えて伝える」という処方の学術的名前。Day1の正解主義批判・Day32の比較から降りる言葉・Day47の課題の分離が、対話の具体的技法として着地した形。,2026/6/19
shame culture（恥の文化）,行動の規制が内面の罪悪感ではなく「他者の目にどう映るか」で決まる文化構造。自分を低く見せることが安全行動になり、嘆きや謙遜がデフォルトの社交通貨として機能する。,日本社会で嘆きや自虐が共感を呼ぶ構造を分析するとき／加点的な自己表現が「出る杭」になるメカニズムを理解したいとき。,Ruth Benedict『The Chrysanthemum and the Sword』（1946）,「もう〇〇歳か」が共感を呼び、「最高！」が場を困らせる非対称の背景。自分がこのコードから「意識的に降りた」と言語化できたことで、降りるプロセスを教育に応用できる可能性が見えた。,2026/6/21
learned optimism（学習性楽観主義）,悲観的説明スタイル（いつも・全部・自分のせい）を楽観的スタイル（一時的・部分的・外部要因もある）に訓練で書き換えられるというSeligmanの理論。楽観は性格ではなく技術。,「加点主義の方が生きやすい」を実感として伝えたいとき／嘆きの習慣を変えたい人にフレーミングを教えるとき／Day52の「メンタルは技術」の具体的な先行研究として。,Martin Seligman『Learned Optimism』（1990）,「加点主義の方が生きやすい」という実感の学術的名前。苦労の美学から意識的に降りたプロセス自体が、説明スタイルの書き換えの実践例。,2026/6/21
lateral thinking（水平思考）,論理を垂直に深めるのではなく、隣接する別の領域から情報や発想を引っ張ることで、既存の枠を超える思考法。「視野を広げる」の学術的名前。,同じ問題を深掘りしても先が見えないとき／引っかかり日記で「なぜこれが引っかかったか」の接続先を探すとき／Yononakaの問い設計で参加者の思考の枠を外したいとき。,Edward de Bono『Lateral Thinking』（1967）,「視野を広げる」を意識するとき、深掘り（vertical）ではなく横に展開する（lateral）具体操作が見える。Day18の異化、Day3の「嫌悪を観察する」も水平思考の実践例。,2026/6/21
産婆術 maieutics,ソクラテスの対話法。自分は何も知らないという態度を保ち、問いによって相手の中にある知を引き出す。教えるのではなく「産ませる」。,ファシリテーターとして場に立つとき／教えたくなる衝動（Day53）が湧いた瞬間に代替手段として／Yononakaの対話設計で「答えを出さずに問いで進める」運営をするとき。,プラトン『テアイテトス』におけるソクラテスの自己定義,「自分を揺さぶってはじめて他者を揺さぶれる」という直感の2500年分の裏づけ。Day53のI-messageが「押し付けない話法」なら、産婆術は「引き出す対話法」。押し付けない＋引き出すで、ファシリテーターの両輪になる。,2026/6/21
attention economy（注意経済）,人間の注意（attention）が希少資源となり、それを奪い合うことで経済が動く構造。SNSのアルゴリズムはエンゲージメント最大化を目的とし、ネガティブ・挑発的な投稿ほど報酬が高くなる設計になっている。,SNS上の炎上や批判を「個人の道徳問題」ではなく「構造問題」として捉えたいとき／CLAFTの発信戦略を設計するとき／Yononakaで「なぜ人はネガティブに反応しやすいのか」を問いにするとき。,Herbert Simon（注意の希少性、1971）/ Tristan Harris（Center for Humane Technology）/ Tim Wu『The Attention Merchants』2016,大谷選手の第二子誕生への批判を見て「閲覧数稼ぎの仕組み×不幸せの共感×マウント欲求」の三重構造を一息で把握できた。Day44の報酬予測誤差の社会実装版。,2026/6/23
事故の発明（invention of the accident）,技術を発明するとき、その技術固有の事故（副作用）も同時に発明している。船＝難破、自動車＝交通事故、SNS＝炎上。便利さと副作用は不可分。,技術の便利さだけを礼賛しそうになったとき／「AIで全部解決」的な楽観論にブレーキをかけたいとき／SNSの副作用を「悪意ある個人の問題」ではなく「技術構造の帰結」として説明したいとき。,Paul Virilio『Speed and Politics』1977 ほか,「技術の発展は便利さを生んでいるからその副作用」という直感の学術的名前。Day48-49のAI×人間論、Day55のメタスキル議論にも直結する——AIも固有の「事故」を発明している。,2026/6/23
dark pattern / deceptive design（ダークパターン）,ユーザーの意図に反して特定の行動（購入・登録・同意）をとらせるために設計されたUIのトリック。misdirection（誘導）、sneaking（こっそり）、obstruction（妨害）など複数の類型がある。,オンラインサービスの設定・契約画面で「これおかしくない？」と感じたとき／自分のサービス設計で「これユーザーを誘導してないか？」と点検するとき／CLAFT教材としてUI倫理を教えるとき。,"Harry Brignull（2010）/ Arvind Narayanan et al. 'Dark Patterns: Past, Present, and Future' ACM QUEUE（2020）",お名前.comで設定中に無関係な登録画面が紛れ込み、DAZNでは「月額無料」が実は年間契約だった。怒りの体験から「設計が行動を誘導する構造」が見えた。attention economyの裏面。,2026/6/24
三方よし,売り手よし・買い手よし・世間よし。商売は売り手と買い手だけでなく、社会全体に貢献して初めて持続するという近江商人の経営哲学。意味価値を企業設計に組み込む日本的フレーム。,サービス設計・料金設計の時に「これは誰のためになっているか」を検証するとき／ダークパターンの反対概念として「ethical designとは何か」を考えるとき／CLAFTの事業を「売上」だけでなく「意味」で評価するとき。,近江商人の商業倫理（江戸時代）/ 深井龍之介（コテンラジオ）の「意味価値」論,ダークパターンは「売り手よし（のみ）」の極端形。CLAFT/Yononakaの設計原則に三方よしを明文化すれば、今日の怒りが事業の倫理基盤になる。Day21の「自律した個人を育てる」と組み合わせれば、「騙されない個人を育てる教育＋騙さない設計をする企業」の両輪が揃う。,2026/6/24
サンクコスト（埋没費用）の誤謬,すでに支払って回収不可能なコストを、今後の意思決定に持ち込んでしまうバイアス。「もったいない」感覚が合理的判断を歪める。経済学の原則では埋没費用は無視すべき。,「もう払ってしまったから」「ここまでやったから」という理由で続けることが合理的か疑いたいとき／旅行・投資・プロジェクト継続の判断をするとき。,"Richard Thaler（行動経済学）/ Daniel Kahneman『Thinking, Fast and Slow』2011",地震で旅行キャンセルを躊躇した最初の理由がこれ。「今からの土日で別の楽しみを作れる」と思考を切り替えた瞬間がサンクコストを手放した瞬間。Day55の「手放す」第一層の実戦例。,2026/6/25
amor fati（運命愛）,起きたことを「よかった・悪かった」で評価するのではなく、それが起きたということ自体を愛し、受け取る態度。ニーチェの核心的概念。,予測不可能な出来事が起きてとっさに「良い・悪い」で評価しそうになったとき／計画が崩れたとき／Day51のantifragilityと組み合わせて「乱れを栄養にする」設計をするとき。,Friedrich Nietzsche『The Gay Science』§276（1882）,「いい・悪いの2軸で評価することはなくていい」という今日の着地点の哲学的名前。Day51の息子の発熱、Day58の旅行キャンセル——予測不可能な中断を別の意味として受け取る実践がamor fatiの日常語版。,2026/6/25
感情労働 emotional labor,感情を職務として管理・表現すること。表面的演技（表情・言葉だけ変える）と深層演技（感情を実際に動かす）の二種類があり、表面的演技の習慣化は燃え尽きを招く。,接客・教育・ファシリテーションの場面で自分がsurface actingになっていないか点検するとき／学習者・参加者に「本物の感情」で向き合えているか確認するとき。,Arlie Hochschild『The Managed Heart』（1983）,無表情で「ありがとうございました」を言う店員の観察から。自分自身がCLAFTやYononakaで場に立つとき、deep actingの状態を保てているかの基準になる概念。,2026/6/25
true self / false self（真の自己／偽の自己）,true selfは感情と行動が一致した本来の自己。false selfは社会的適応のために形成される「演じる自分」。問題はfalse selfが強化されてtrue selfから離れすぎること。,「なんか本来の自分じゃない言動をしている」と感じる場面／接客・教育・ファシリテーションで形式に引っ張られているとき／子どもの感情的一致を「社会化で失わせない」教育設計を考えるとき。,D. W. Winnicott『Ego Distortion in Terms of True and False Self』（1960）,子どもの感情と行動のカップリングはtrue selfに近い状態。「TPOで切り替えながらも感情と行動のカップリングを手放さない」という提案は、true selfを基盤にfalse selfを使いこなすという成熟した統合の姿。,2026/6/25
self-talk（セルフトーク）,自分自身に向けて語りかける言葉の使い方。一人称より三人称・二人称での自己語りの方が感情調整とパフォーマンスが上がることが実証されている。言葉が感情と行動を先導する。,弱音が出そうな場面で自分に何を言うかを選ぶとき／緊張・不安・怒りを感じながら場に立つとき／子どもや学習者に「自分への言葉の使い方」を伝えたいとき。,Ethan Kross et al. 'Self-talk as a regulatory mechanism' Journal of Personality and Social Psychology（2014）,原口選手の「自分は大丈夫だ」という実践の学術的名前。「言葉が自信を生み出し行動を変える」という命題の具体的技法。朝の一言宣言として自分の設計にも使える。,2026/6/26
act as if 原理（行動先導原理）,感情が行動を生むのではなく、行動（あるいは言葉）が先導して感情がついてくる。「大丈夫だ」と先に言うことで、実際に大丈夫な状態が後からやってくる。,やる気が出ない・自信がない状態でも先に動く必要があるとき／感情が整うのを待たずに場に立つ判断をするとき／学習者に「感情が先か行動が先か」を教えるとき。,William James（1890年代）／ 行動活性化理論（behavioral activation）としても発展,原口選手の「いいイメージを描いて淡々とやる」の構造がまさにこれ。Day59のdeep actingと組み合わせると、言葉→感情→行動という連鎖の設計が見えてくる。,2026/6/26
リーンスタートアップ / build-measure-learn,完璧な計画を立ててから動くのではなく、小さく作って→測って→学んで修正するサイクルを高速で回す。「目が出たものにリソースを寄せる」という経営スタイルの学術的名前。,新しい事業・サービス・コンテンツを始めるとき何から検証するかを決めるとき／複数の実験を走らせてどれを続けるか判断するとき／「やってみないと分からない」を構造として設計するとき。,Eric Ries『The Lean Startup』（2011）,「目が出たらそれをどんどんやっていくスタイル」がまさにこれ。英語・プログラミング・Yononaka展開など複数実験を走らせる今の状態を、計画なき混乱ではなくbuild-measure-learnの意図的設計として捉え直せる。,2026/6/27
コアコンピタンス（core competence）,競合には簡単に真似できない、自分（組織）固有の能力の束。表面的なスキルではなく、複数の能力が組み合わさって初めて生まれる独自の強み。,新しいスキルを加えるとき「それはコアを強化するか、分散させるか」を判断したいとき／自分の何が他と差別化されているかを整理するとき／CLAFTの事業設計で「守るもの」を明確にするとき。,C.K. Prahalad & Gary Hamel 'The Core Competence of the Corporation' Harvard Business Review（1990）,ファシリテーター×キャリアコンサルタント×子育て×CLAFT教育哲学の組み合わせが将一郎さんのコアコンピタンス。英語・プログラミングはそこに乗せる新しいレイヤー——コアを守りながら探索する、という三軸設計の土台概念。,2026/6/27
embeddedness（埋め込み性）,経済行為は抽象的な需給だけで動くのではなく、信頼・評判・人間関係という社会的文脈の網の目に埋め込まれている。市場も人間関係の上に乗っている。,「なぜスキルだけ良くても売れないのか」を説明したいとき／新しい市場に入るとき「まず関係性から」という方針の理論的根拠として／CLAFTの事業でなぜ既存顧客との関係深化が新規獲得より効果的かを整理するとき。,Mark Granovetter 'Economic Action and Social Structure: The Problem of Embeddedness' American Journal of Sociology（1985）,フリーランス市場に登録して「スキルを売りたい人が溢れている」と感じた瞬間の構造的説明。三方よし・relationship marketingと並んで、「人間関係が先」という実践哲学の学術的土台。,2026/6/28
信頼の方程式（trust equation）,信頼＝（信頼性＋誠実さ＋親密さ）÷自己志向性。自分のことしか考えていない度（自己志向性）が高いほど信頼は下がる。スキルを売りたい姿勢はそのまま自己志向性が高い状態。,「なぜあの人は信頼されているのか」を分析するとき／自分の提案・営業・対話が相手に届かないと感じるとき／Yononakaの場で参加者との関係を設計するとき。,"David Maister, Charles Green, Robert Galford『The Trusted Advisor』（2000）",フリーランス市場で「スキルを売りたい人が溢れている」のは、全員が自己志向性の高い状態になっているから。自分が「まず関係性・コンセンサス」に気づいたのは、この方程式の分母を下げることに気づいた瞬間。,2026/6/28
flow（フロー）,課題の難易度とスキルが釣り合い、即座のフィードバックがあり、自己意識が消える没入状態。頭が真っ白になり時間感覚を忘れて熱中する。,のめり込んでいる瞬間を言語化したいとき／インタビューやファシリテーションで「今うまくいっている」と感じる構造を説明したいとき／Yononakaの場づくりで参加者がフローに入れる条件を設計するとき。,Mihaly Csikszentmihalyi『Flow: The Psychology of Optimal Experience』（1990）,インタビュー中「頭真っ白で言葉が浮かんでくる」感覚そのもの。Day46のエネルゲイアと並んで、将一郎さんが「生きがい」と感じる瞬間の構造的説明。フローには消耗の裏面もあり、ペース配分の意識が必要。,2026/6/29
"""Yes, and""（即興演劇の原則）",相手が出したものを否定せず受け取り（Yes）、そこに自分のものを積み増す（and）。台本に固執せず、今ここで起きていることに従うことで、一人では作れない展開が生まれる。,準備した質問・台本から会話がズレたとき、それを修正すべきか乗るべきか判断するとき／ファシリテーションで参加者の予想外の発言にどう対応するか考えるとき／対話を「自分の計画通り進める」か「共同生成に任せる」か選ぶとき。,Keith Johnstone『Impro: Improvisation and the Theatre』（1979）,今日のインタビューで「事前準備した質問からズラした方がいい」と気づいた瞬間の理論的裏づけ。準備（台本）があった上でそれを手放す、というDay55の「手放す」の実践例。,2026/6/29
social identity theory / outgroup hostility,人は内集団（自分の所属する側）に同一化するほど、外集団（敵・相手）への敵意が強まる傾向がある。内集団への愛着と外集団への攻撃性は表裏一体になりやすい。,スポーツ観戦や競争の場面で「なぜ人は相手を憎むのか」を分析するとき／自分が特定の対象に強い敵意を持たない理由を考えるとき／誹謗中傷が生まれる集団心理の構造を理解したいとき。,"Henri Tajfel & John Turner, Social Identity Theory（1979）",「勝利は喜ぶが敗北で相手を憎まない」という自分の非対称な反応の理論的説明。強い内集団同一化をしていないことが、誹謗中傷から距離を置ける気質につながっているかもしれない。,2026/6/30
rough-and-tumble play（取っ組み合い遊び）,幼少期の身体的な競争的遊び（取っ組み合い・喧嘩ごっこ）。後の自己主張や競争場面での振る舞いの土台を作ると言われるが、因果関係は未確定で気質の影響も大きい。,「闘争心はどこから来るのか」を考えるとき／幼少期の過ごし方が性格形成にどう影響したか振り返るとき／息子の育て方を考える際、この仮説を安易に適用しないよう注意するとき。,発達心理学における遊び研究（Anthony Pellegrini他）,「幼少期に喧嘩していたら闘争心が育つのでは」という自分の仮説の学術的対応物。ただし因果は確定していないため、息子の育児に短絡的に適用しないことが重要（Day54の苦労の美学の教訓と接続）。,2026/6/30
scarcity（希少性の原理）,手に入りにくいものほど価値が高く感じられ、行動が駆動される心理原則。期間限定・数量限定のマーケティングの基本原理。,「今だけ」「期間限定」という言葉に心が動かされたとき／ダークパターンとして使われているか、自分の意志として使うかを見分けたいとき。,Robert Cialdini『Influence: The Psychology of Persuasion』（1984）,Fable復活の期間限定という魔力に取り憑かれた状態。Day57で批判したダークパターンと同じ心理機構だが、今回は自分の創造に向かい有意義だった。,2026/7/2
ZPD・発達の最近接領域,一人でできることと、支援があればできることの間の帯域。学習はこの帯域で最も進む。,AIとの対話で「一人では出てこなかった思考」が生まれたとき／教育設計で子どもの成長する余地をどう作るか考えるとき。,Lev Vygotsky（1930年代）,AIが足場（scaffolding）となり「もう無理」と感じた地点の先の帯域に入れた体験。認知の限界突破は足場となる相手がいないと起きにくい。,2026/7/2
scope creep（対象範囲の肥大化）,プロジェクトが進むにつれ当初の範囲を超えて対象が広がってしまう現象。面白さや可能性の広がりが逆に完成を遠ざける罠。,指示書・企画書が広がりすぎて実装できなくなったとき／複数の実験を同時に走らせて収拾がつかなくなったとき。,プロジェクトマネジメントの一般的な用語,Fableへの指示書が広範囲になりすぎた状態。「これだけは通す」を選ぶ判断力が試される。,2026/7/3
register（話体・レジスター）,話す相手や場面によって無意識に切り替える言葉遣い・話し方のスタイル。AI向け/人間向けなど状況に応じて複数使い分けている。,話し方が場面によって変わっていることに気づいたとき／AIとの対話が増えて人間との会話にも影響が出ていないか点検するとき。,社会言語学の一般的概念（Halliday他）,音声入力でAIに話す話体が人間との会話のデフォルトに侵食し始めているという気づき。,2026/7/8
front stage / back stage（舞台上/舞台裏の発話）,人間との会話は相手の反応を読む「舞台上」の発話。AIとの対話は聞き手を計算しない「舞台裏」に近い発話。舞台裏が増えると舞台上の技術が衰える可能性。,AIとの対話が増えたときに人間関係の会話力への影響を考えるとき／「独り言のような話し方」が増えていないか自己観察するとき。,Erving Goffman『The Presentation of Self in Everyday Life』（1959）,音声入力での「独り言のような話し方」が舞台裏の発話の増加として説明できる。,2026/7/8
deliberate practice・意図的練習,ただ長時間投じるのではなく、工夫・振り返り・改善のサイクルを回すことで成果が出るという理論。回復（recovery）も練習の一部。,努力の中身をどう工夫するか考えるとき／根性論だけでなく戦略的な鍛錬を設計したいとき。,Anders Ericsson（1993）,「考えている時間もっと工夫できたのでは」という反省の学術的名前。回復もこの理論の一部。,2026/7/9
burnout・燃え尽き症候群,疲弊（exhaustion）がパフォーマンスを長期的に下げる状態。「今頑張らないと後悔する」思考が休息への罪悪感を強化しやすい。,体の複数箇所に不調が出ているとき／「休む暇があれば動きたい」という感覚があるとき。,Christina Maslach（Maslach Burnout Inventory）,目・首肩・尾骶骨の同時不調、不眠、悲しみと怒りなど、この夏繰り返し出た負荷サインの理論的背景。,2026/7/9
remarkable・Purple Cow理論,平均的な製品は広告に頼るしかないが、卓越したもの（紫の牛）は口コミで自然に広がる。広告費より実力そのものへの投資が効く。,サービスの伝え方と中身のどちらに力を入れるべきか迷うとき／立地や知名度のハンデを実力で超えている事例を見たとき。,Seth Godin『Purple Cow』（2003）,柏原の立地の悪いカフェが実力だけで支持を集めている様子から。CLAFTの「技術」への投資の重要性を確認した。,2026/7/10
boundary spanning（境界を越える翻訳作業）,専門的な知識・技術を専門外の人にも伝わる形に変換する仕事。ただしこれだけでは中身そのものは作れない。,サービスや商品を一般の人に伝える「翻訳」を設計するとき／専門性の高いものを大衆向けに薄めすぎていないか点検するとき。,組織論・イノベーション研究における一般的概念,「翻訳して一般の人に伝える努力」の学術的名前。翻訳と技術は両輪だという気づきの土台。,2026/7/10
pacesetting leadership（ペースセッター型リーダーシップ）,自ら高い基準を体現しその基準についてこさせるリーダーシップ型。成長を促す一方ケア不足で置き去りにされる人が出るリスクもある。,教育や組織で「自分が先頭を走る」スタイルを取っているとき／メンバーの個人差にどう向き合うか考えるとき。,Daniel Goleman（2000）,「俺も全力で走る、振り向いたら応答する」という教育スタイルの理論的裏付け。,2026/7/11
self-efficacy・自己効力感,「自分にはできる」という信念の強さ。実際の能力以上に行動を左右する。,やる気の差が能力差でなく意識の差だと感じたとき／子どもや自分自身の行動の駆動因を考えるとき。,Albert Bandura（1977）,「意識の差であって能力の差ではない」という直感の理論的裏付け。,2026/7/11
扁桃体と前頭前野の反応速度差,不安（扁桃体）は理性的理解（前頭前野）より速く強く働く。「分かっているのに不安が拭えない」のは意志の弱さではなく脳の構造。,頭で分かっていることと体の反応が食い違うとき／不安を責めずに理解したいとき。,感情神経科学の一般的知見（Joseph LeDoux他）,「数字は絶対的ではないと分かっているのに不安が拭えない」状態の理論的説明。,2026/7/12
デフォルトモードネットワーク・DMN,何もしていないときに働く脳のネットワーク。自己認識・将来の計画・創造的統合に積極的に関わる。アイデアの意外な組み合わせが生まれやすい。,サウナや散歩で頭が冴える体験の理由を知りたいとき／「何も考えない時間」の価値を説明したいとき。,神経科学の一般的知見（Marcus Raichle他）,サウナ後に頭が冴えていいアイデアが浮かぶ体験、余白の時間に情報が勝手に集まってくる感覚の理論的裏付け。,2026/7/13
incubation・孵化（創造性の4段階モデル）,準備→孵化→ひらめき→検証、という創造性のプロセス。意識的に考えるのをやめて熟成させる孵化の段階が質の高いひらめきに不可欠。,AIにすぐ答えを求める前に、自分の中で温める時間を作りたいとき。,Graham Wallas（1926）,サウナで頭の中で膨らませてからAIを動かすと、いつも以上に深い成果が出た体験の理論的裏付け。,2026/7/13
generative learning・生成的学習,情報を受け取るより自分の頭で能動的に生成する方が記憶の定着や理解の深さが増す。,AIリライトに頼らずゼロから書くことの価値を考えたいとき。,認知心理学の一般的知見,読書感想文を一から自分の手で書いたら手応えのある文章になった体験の理論的裏付け。,2026/7/14
production effect・プロダクション効果,実際に生成する行為を繰り返すことで、次に生成するときの流暢さが増していく。,日々のアウトプット習慣がどう力になっているか考えたいとき。,認知心理学の一般的知見,90日間の音声入力・引っかかり日記の蓄積が「一から書く」筋力の土台になっていたという解釈の裏付け。,2026/7/14
audience design・聞き手設計,想定する聞き手との距離によって言葉の選び方・構成が変わるという言語行動理論。,伝える相手によって言葉にする形式（伝える／整理する／中間）を意識したいとき。,Allan Bell（1984）,言葉にする形式の三分類（伝える様式・整理する様式・中間の様式）の理論的裏付け。,2026/7/14
spiral curriculum・螺旋型カリキュラム,同じテーマを異なる抽象度で繰り返し扱うことで理解が深まるという教育理論。,ワーク設計で同じテーマを段階的に深めたいとき。,Jerome Bruner（1960）,Yononakaのワーク設計（視野を広げる→解像度を上げる→視点を増やす）の構造的裏付け。,2026/7/15
perspective-taking exercise・視点取得演習,他者の回答という具体データを見ることで自分の暗黙の前提が可視化される演習手法。,複数人の回答の違いから視点を増やす仕組みを設計したいとき。,教育心理学の一般的概念,8項目アンケートで「AIにどこまで置き換わっていいか」の回答の違いを見せる設計の裏付け。,2026/7/15
reflection-in-action（行為の中の省察）,専門家の実践知のうち、行為の最中にリアルタイムで調整する省察。行為の後に振り返るreflection-on-actionと対をなす。,日記で振り返る習慣が、会話の最中の思考にも活きてきたと感じたとき。,Donald Schön『The Reflective Practitioner』（1983）,「考えながら話しながら考える」という感覚の理論的裏付け。80日間の振り返り練習が行為と同時進行するレベルに達した。,2026/7/16
absurdism・不条理主義,人生に本質的な意味はないという前提から出発する哲学的立場。受容（意味がないから執着しない）と反抗（それでも生きる意味を作る）という応答がある。,生きる意味について友人と価値観の違いを感じたとき。,Albert Camus『シーシュポスの神話』（1942）,健康に無頓着な友人の「いつ終わってもいい」という態度と、自分の「可能性を信じる」態度の違いを理解する枠組み。,2026/7/17
self-determination theory・自己決定理論,人の内発的動機づけを支える三つの心理的欲求——自律性・有能感・関係性。特に自律性支援では答えを先回りせず選択の余地を残すことが重要。,子どもの内発的動機づけをどう育てるか考えるとき／自分自身のモチベーションの源泉を分析したいとき。,Edward Deci & Richard Ryan（1985）,「息子自身が明らかにしない限り方向づけない」という誓いの理論的裏付け。後にDay89のモチベーション三軸分析でも再利用。,2026/7/17
overjustification effect,内発的動機で楽しんでいた活動に外的な評価軸（成績・報酬）が導入されると活動そのものへの興味が減退する現象。,「もともと好きだったことが評価軸が入って嫌いになった」経験を説明したいとき。,"Mark Lepper, David Greene, Richard Nisbett（1973）",「勉強は好きだったがテストの競争が入って嫌いになった」という記憶の理論的裏付け。,2026/7/18
mastery orientation vs performance orientation,熟達志向（自分の理解・能力向上そのものが目的）と成績志向（他者比較で優劣を測る）の区別。,ゲームや競争が苦手な理由を自己分析したいとき／自分の得意な評価軸を見極めたいとき。,achievement goal theory（Elliot & McClelland他）,「ルールを決められたゲームの中で上に行く尺度では能力を発揮できない」という自己理解の理論的裏付け。,2026/7/18
attention residue・注意の残留（23分ルール）,中断が発生するたびに集中を取り戻すのに平均23分かかる。タスク切り替えのたびにパフォーマンスが30-40%低下し持続する。,通知チェックの積み重ねがどれだけ集中力を奪っているか知りたいとき。,Gloria Mark（UC Irvine）/ Sophie Leroy（ワシントン大学）,通知に反応する中毒への違和感に対する、具体的なデータでの裏付け。「見ない」より「区切ってから離れる」が有効という対策も示された。,2026/7/20
grief・悲嘆のプロセス,喪失に対する感情反応として、否認・怒り・取引・抑うつ・受容という段階があるが、一直線ではなく行き来する。,大きなプレッシャーや停滞に直面して悲しみや怒りが同時にこみあげてきたとき。,Elisabeth Kübler-Ross（1969）,事業の停滞という一種の喪失に対する、悲しみと怒りが同時に来る状態の正常性を理解する枠組み。,2026/7/21
containing function（コンテイニング機能）,強い感情を自分の内側で受け止め、そのまま周りにぶつけず消化してから次に進む機能。元は親が子どもの不安を受け止め消化して返す発達理論の概念。,経営判断の場で自分の感情をそのまま出さず、消化してから対応したいとき。,Wilfred Bion（対象関係論）,「弱さを感じても見せない、伝導させない、自分の中で手放す」という態度の理論的裏付け。,2026/7/22
emotional contagion（感情伝染）,リーダーの感情、特に不安や苛立ちが組織やチームに伝染しやすいという現象。,経営者・リーダーとして自分の感情の扱い方を考えるとき。,組織心理学の一般的知見,「他者に伝導させない」という判断が理にかなっている理由。父親と共同経営する立場として重要。,2026/7/22
implementation intentions・実行意図,「もし〇〇の状況になったら△△する」という具体的if-thenルールを事前に決めておくことで、意志力に頼らず自動的に行動を変えられる技術。,「注意しなきゃ」と思ってもいつの間にか忘れてしまう習慣を変えたいとき。,Peter Gollwitzer（1999）,身体をぶつける癖への対策として、漠然とした「注意しよう」でなく具体的なif-thenルールを作る提案の裏付け。,2026/7/28
need theory・欲求理論,人の動機づけは達成欲求・親和欲求・権力欲求のバランスで決まる。,自分のモチベーションの源泉がどのタイプか整理したいとき。,David McClelland（1961）,「必要とされ喜ばれる」「新しさ」「秀でている」という三軸のうち、達成欲求と親和欲求が強く権力欲求が弱いという自己理解の裏付け。,2026/7/28
mimetic desire・模倣的欲望,欲望は対象に直接向かわず、常に他者という媒介者を経由する三角形の構造を持つ,「他者を意識しない本当の自分の欲望」を探そうとしている時／「他者に求められてやっているだけでは」と動機の純度を疑い始めた時／子どもや生徒の「やりたいこと」が誰の影響下にあるか考える時,René Girard『欲望の現象学（Mensonge romantique et vérité romanesque）』(1961). 文学作品の分析から欲望の三角形構造（主体→媒介者→対象）を抽出。後に『暴力と聖なるもの』(1972)でスケープゴート理論へ展開。,2026/8/3 SUPER BEAVERのライブ後、「他者を全く意識しないとき自分は何が好きか」を探しても見つからなかった経験。探索不足ではなく問いの構造上取り出せないものを探していた可能性に気づいた。,2026/8/3
independent vs interdependent self-construal,「他者と切り離された自分が本体」という自己観は普遍ではなく、文化的に構成された一つの様式にすぎない,「他者起点で動く自分は主体性がない」と自己評価が下がった時／「本当の自分」を関係の外側に探そうとしている時／欧米的な自己実現の語彙で自分を測っていると気づいた時,"Markus, H. & Kitayama, S. ""Culture and the Self: Implications for Cognition, Emotion, and Motivation"" (Psychological Review, 1991). 自己観が文化によって根本的に異なることを実証した社会心理学の古典。",2026/8/3 「他者が求めることをしたいタイプなんだと思い知る」と敗北の語彙で書いた自分を観察。Day89では同じ性質を発見として肯定していたことと突き合わせ、評価を反転させた外部の規範の存在に気づいた。,2026/8/3
spontaneous gesture・自発的身振り（true self / false self）,真の自己は「他者の要請に応じない自己」ではなく、応答している最中に自発的な身振りが生きているかどうかで分かれる,他者に応えている自分を「偽物の自分」と疑い始めた時／頼まれてもいないのに勝手に手が動いた瞬間を見つけた時／子どもの「言われたからやる」と「勝手に始める」の違いを見る時,"D.W. Winnicott ""Ego Distortion in Terms of True and False Self"" (1960). 対象関係論。false selfは環境への過剰適応で自発的身振りが殺された状態であり、応答そのものが偽りなのではないという区別が中核。",2026/8/3 ファシリテーターとして他者に応答する自分を「他者依存」と読みそうになった場面。探すべきものが「他者抜きの欲望」から「勝手に手が動く瞬間」に変わった。,2026/8/3
Effectuation（実効理論）,熟練起業家は目標から逆算するのではなく、手持ちの手段から出発し、期待値でなく耐えられる損失の範囲(affordable loss)で動き、先に協力者を巻き込みながら(crazy quilt)形を決めていく,新しいことを始める前に完璧な計画や期待値計算を求めそうになった時／誰かに直接アプローチして断られるリスクを取るべきか迷った時／「向いてる人だけができること」と片付けそうになった時,"Saras D. Sarasvathy ""Causation and Effectuation"" (Academy of Management Review, 2001). 熟練起業家27名の意思決定プロセスを実証研究し、因果論的思考と実効論的思考の違いを体系化。",2026/8/4 総合型選抜・浪人バイト・人事への直接アプローチという3つの例が、すべて期待値でなくaffordable lossで動く発想だったと気づいた。「経営者視点」と自分でラベル付けしていたものの理論的な正体。,2026/8/4
制度的同型化・mimetic isomorphism,組織や個人は実効性の検証なしに、周囲と同じ構造を模倣することで正当性を得ようとする,「みんながやっているから正しいはず」という理由だけで進路や手法を選びそうになった時／なぜ多くの人が同じルートに殺到するのか説明したい時,"Paul DiMaggio & Walter Powell ""The Iron Cage Revisited"" (American Sociological Review, 1983). 組織が効率でなく正当性の獲得のために同質化していく3つのメカニズム（強制的・模倣的・規範的）を整理。",2026/8/4 「〇〇選抜が正規ルートだ」という思い込みでみんなが受験戦争に行ってしまう現象を説明する枠組みとして。,2026/8/4
シグナリング理論・signaling theory,学歴や資格などの代理指標は、本人の能力そのものではなく、能力を安価に伝えるためのコストのかかるシグナルにすぎない,偏差値や学歴が能力の証明だと思い込みそうになった時／代理指標を経由せず本体を直接見せるアプローチの意味を説明したい時,"Michael Spence ""Job Market Signaling"" (Quarterly Journal of Economics, 1973). 労働市場で学歴が能力の直接証明ではなく情報の非対称性を埋めるシグナルとして機能することを理論化。",2026/8/4 総合型選抜やポートフォリオでの直接アプローチが、このシグナルを迂回して本体を直接見せに行く行為だと理解する枠組みとして。,2026/8/4
learned helplessness・学習性無力感,自分の行動が結果を変えられないと繰り返し経験すると、実際には変えられる場面でも行動自体をやめてしまう。説明スタイルがstable（ずっと変わらない）・global（他の場面にも広がる）だと悪化する,誰かが「あの人は変えられない」「するしかない」と言うのを聞いた時／自分自身がある関係について変化の可能性を放棄していると気づいた時,"Martin Seligman (1972) および Abramson, Seligman & Teasdale (1978) の改訂学習性無力感理論。",2026/8/5 小6の男の子が「お母さんはそういう人だから変えられない、絶対服従するしかない」と言うのを聞いた場面。専門領域では自走できる子が、母親との一関係についてだけ無力化されていた。,2026/8/5
psychological control（心理的統制）,子どもの行動を管理するbehavioral controlとは別に、罪悪感や愛情の撤回によって内面そのものを統制する養育のあり方,親子関係で「従うしかない」という言葉が出てきた時／自分が子どもや従業員に対して行動でなく気持ちを操作していないか点検する時,"Diana Baumrind (1966, 1971) の養育スタイル類型と、Grolnick & Ryan (1989) によるbehavioral control / psychological controlの区別。",2026/8/5 手書きドリルの強制自体は行動の管理だが、子の「絶対服従」という言葉から漏れてくるのは内面の統制の匂いだった、という読み分けの道具として。,2026/8/5
公正世界仮説・belief in a just world,「頑張れば報われる」という信念は、しばしば構造的な不公正を見えなくし、被害を受けた側の努力の問題にすり替える働きをする,「どんな環境でも希望を持てば道は開ける」と結論づけそうになった時／立場の弱い側にだけ前向きさを求めていないか点検する時,Melvin Lerner『The Belief in a Just World』(1980).,2026/8/5 貧困家庭の子と、支配的な親を持つ裕福な家庭の子を同じ「与えられた環境」として一括りにしかけた場面。前者と違い後者は関係性への働きかけで変わりうるのに、諦めの棚に入れてしまう危うさに気づいた。,2026/8/5
キャズム理論,新しいものは、よくわからなくても動くアーリーアダプター層と、明確な便益がないと動かないアーリーマジョリティ層の間に大きな溝がある,今のやり方で人が集まらないとき、方法が間違っているのか届く層が変わったのかを切り分けたい時／集客メッセージを言い切るか濁すか迷う時,Everett Rogers『Diffusion of Innovations』(1962) → Geoffrey Moore『Crossing the Chasm』(1991).,2026/8/6 Yononakaを淡々と説明する集客が機能していない状況で、「やり方が間違い」ではなく「今の層専用の言語で、次の層に届く橋がまだない」と読み替えられた。,2026/8/6
contingent self-worth（随伴的自尊感情）,自己価値が特定領域の成果に紐づいていると、その指標が動かないだけで人格全体への不安に波及する,数字が伸びないことが「自分はダメだ」に直結していると気づいた時／方法論への疑いと自分への評価が混ざっている時,"Jennifer Crocker & Connie T. Wolfe ""Contingent Self-Worth"" (Psychological Review, 2001).",2026/8/6 Yononakaの集客数が伸びないことから「自信がないのだろうか」という自問に飛んだ場面。方法の妥当性と自分の価値が未分化になっていた。,2026/8/6
internal locus of evaluation（内的評価の座）,他者の評価基準ではなく、自分自身の経験に照らして良し悪しを判断できる状態。成熟の指標の一つ,周りの助言が「しっくりこない」と感じた時／それを自信のなさと誤読しそうになった時,Carl Rogers『On Becoming a Person』(1961).,2026/8/6 心配した周囲の助言がしっくりこないという感覚を、自信のなさの証拠ではなく内的評価の座が働いている証拠として読み替えた。Day38の決定OSと同じものの別名。,2026/8/6
labeling theory・ラベリング理論,逸脱は行為そのものにあるのではなく、周囲がそれを逸脱とラベル付けする社会的プロセスから生まれ、本人がそのラベル通りに振る舞い始めることがある,誰かに「サボり」「怠け」などのラベルを貼られそうな時／自分の認知がそのラベルに引きずられそうだと感じた時,Howard Becker『Outsiders: Studies in the Sociology of Deviance』(1963). 二次的逸脱の概念を含む。,2026/8/20 引っかかり日記が14日空いたことを「サボり」と呼ぶかどうかで、自分の認知が持っていかれる可能性を直感した場面。,2026/8/20
認知的不協和,矛盾する二つの自己像が衝突すると不快が生じ、人は行動でなく認知の方を変えることでそれを解消しやすい,自分の行動を説明する理屈が、必要以上に整いすぎていると感じた時／同じ主張を二度繰り返している自分に気づいた時,Leon Festinger『A Theory of Cognitive Dissonance』(1957).,2026/8/20 14日の空白に対して整った理論武装が用意されていた場面。成長による自己像の更新なのか、都合のよい再解釈なのかはこの理論では判定されず、本人の観察に委ねられる。,2026/8/20
情報ギャップ理論（好奇心）,好奇心は対象を得たい欲求ではなく、知っていることと知りたいことのギャップを埋めたい欲求である,「体験せずに調べるだけで満足する自分」を中途半端だと思いそうになった時／知的好奇心の満たし方を設計したい時,"George Loewenstein ""The Psychology of Curiosity"" (Psychological Bulletin, 1994).",2026/8/22 お酒を飲まずに調べるだけで満たされる仕組みを作りたいと考えた場面。飲むこと（対象の獲得）と知ること（ギャップの解消）は最初から別物だと分かった。,2026/8/22
satisficing / maximizer vs satisficer,最適解を追い続けるより「十分に良い」水準で探索を打ち切る方が合理的であり、満足度も高く後悔も少ない,趣味や興味をどこまで突き詰めるか迷った時／ある程度で止まる自分を「サボり」と判定しそうになった時,Herbert Simon (1956) のsatisficing概念と、Barry Schwartz『The Paradox of Choice』(2004) のmaximizer/satisficer研究。,2026/8/22 お酒やコーヒーを銘柄レベルまで突き詰めず途中で止まる自分を、サボりではなく幸福度の高い戦略側だと読み替えた。Day10の守破離と併用できる。,2026/8/22
alcohol myopia theory,アルコールは判断力を鈍らせるというより注意の範囲を狭め、目の前の顕著な刺激だけに焦点を絞らせる。それが「本音が出る」と見える,お酒の場のコミュニケーションが特別に見える理由を説明したい時,"Claude Steele & Robert Josephs (American Psychologist, 1990).",2026/8/22 「お酒は本音が出るから求められる」という一般理解を一段解像度を上げて捉え直すために。,2026/8/22
fundamental attribution error・根本的な帰属の誤り,他者の行動を説明するとき、状況要因を過小評価し、その人の内的な性質のせいにしすぎる傾向,事件や失敗のニュースを見て「そういう人だから」と片付けそうになった時／加害者・被害者を自分と別種の人間として扱いそうになった時,"Lee Ross ""The Intuitive Psychologist and His Shortcomings"" (1977).",2026/8/23 加害者や被害者を特別視せず「自分がこの立場だったら」と想像することの意味を考えた場面。この想像は帰属を状況側に引き戻す訓練として理論的に正しい。,2026/8/23
moral luck・道徳的運,同じ判断・同じ性格の人が、置かれた状況の偶然によって一方は何事もなく生き、他方は加害者や被害者になる。倫理的評価は本人のコントロール外の要素に大きく左右されている,誰かの行為を人格の問題として断じそうになった時／自分は違うと思いたくなった時,"Bernard Williams (1976) および Thomas Nagel ""Moral Luck"" (1979).",2026/8/23 「もし自分がこの立場だったら」という想像の哲学的な裏付けとして。,2026/8/23
premortem・プレモータム,物事が始まる前に「これは失敗した」と仮定し、その理由を先に書き出すことで、事後に気づく問題を事前に発見する手法,新しい取り組みを始める前／人間関係の衝突に備えたい時,"Gary Klein ""Performing a Project Premortem"" (Harvard Business Review, 2007).",2026/8/23 事件や衝突をシミュレートして備えたいという発想の、実務的な手法としての名前。家で一人でできる対策として提案された。,2026/8/23
defensive attribution hypothesis・防衛的帰属仮説,人は「自分には起きない」と思いたいために、被害者側に責任を帰属させる方向にバイアスがかかる,事件の被害者を責める語りに出会った時／自分を安全な立場に置きたい欲求が働いていないか点検する時,"Karen Walster ""Assignment of Responsibility for an Accident"" (Journal of Personality and Social Psychology, 1966).",2026/8/23 わざわざ自分を当事者の立場に置きに行く想像作業は、この一般的バイアスの真逆であり、心理的負荷が高い作業だと自覚するために。,2026/8/23
余暇・Muße（Josef Pieper）,余暇は労働のための充電ではなく、それ自体で完結する魂のあり方。休息に意味づけを要求すること自体が、あらゆる時間を有用性で測る態度（total work）の症状である,ぼーっとする時間に意味を求めてしまう時／休むことを次の仕事のための投資として正当化しようとしている自分に気づいた時,Josef Pieper『余暇と祝祭（Muße und Kult / Leisure: The Basis of Culture）』(1948).,2026/8/28 「意味付けをしてもらわないとぼーっとできない」と自分で書いた場面。その依頼自体が症状だという、少しひねった鏡になった。Day17の只管打坐と同系譜。,2026/8/28
退屈と創造性,単調で退屈な状態を経た後の方が、発想の量と独自性が上がる。脳を暇にすることで初めて動き出す創造性がある,「何もしない時間」の価値を実利の言葉で説明したい時,"Sandi Mann & Rebecca Cadman ""Does Being Bored Make Us More Creative?"" (Creativity Research Journal, 2014).",2026/8/28 ぼーっとする時間へのモチベーションを上げるための実証的な裏付けとして。DMN（Day90）とセットで使える。,2026/8/28
A Wandering Mind Is an Unhappy Mind,心がさまよっている最中は、何をしていても幸福度がむしろ下がる。ぼーっとする時間の恩恵は事後に現れる,「余白の時間は心地よいはず」という期待を持つ時／その期待が外れて余白を諦めそうになった時,"Matthew Killingsworth & Daniel Gilbert (Science, 2010).",2026/8/28 ぼーっとする時間に「今この瞬間が楽しい」という意味づけを期待すると外れる、と先に期待値を調整しておくために。,2026/8/28
adaptive expertise vs routine expertise,熟達には、決まった手続きを速く正確にこなす型と、深い理解に基づいて手続き自体を状況に応じて組み替えられる型の二種類がある,人と違う考え方を身につけると「普通が分かる能力」が薄れるのではと不安になった時／型を破ることと型への感度の関係を考える時,"Giyoo Hatano & Kayoko Inagaki ""Two Courses of Expert Knowledge"" (1986).",2026/8/29 「普通が分かる能力は薄れるのか」という不安への答え。普通への感度は失われるのではなく、自動的な感度から意識的な感度に変わる。Day15の異化の前提条件でもある。,2026/8/29
収束的思考 vs 拡散的思考,一つの正解に絞る思考と、複数の可能性を広げる思考は別の因子であり、片方を伸ばすと片方が減るというゼロサムの関係ではない,独自性を伸ばすことと常識的な判断力がトレードオフだと感じた時,J.P. Guilford『The Nature of Human Intelligence』(1967).,2026/8/29 「人と違う考えをすると普通が分かる能力が薄れる」という不安が、二つを同一資源の奪い合いとして見ていたことに気づくために。,2026/8/29
goal priming・目標のプライミング,意識的に目標を設定すると、その後の知覚・注意・解釈がその目標に沿って自動的にバイアスされる,一日のはじめにテーマを立てると気づきが増える理由を説明したい時／逆に、テーマから外れたものを見逃すリスクを意識したい時,"John A. Bargh, Auto-Motive Model (1990) および Bargh et al. ""Automaticity of Social Behavior"" (1996).",2026/9/8 朝に「今日は分人について考えよう」とテーマを立てただけでモチベーションが湧いた経験の理論的裏付け。事後・受動型の引っかかり日記に対する、事前・能動型の技術。,2026/9/8
Working Identity・possible selves,アイデンティティは内省して見つけるものではなく、複数のありうる自分を実際に試すことで事後的に決まる。移行期に複数の自己像が並存して説明できなくなるのは失敗ではなく必須プロセス,肩書きが一つにまとまらず自己紹介に困った時／キャリアの方向を内省だけで決めようとしている時,Herminia Ibarra『Working Identity』(2003).,2026/9/8 複数の役割（経営者・ファシリテーター・キャリコン・店長・先生）が一つの説明に収まらず「キャリア迷子」と感じた場面。移行期の正常な状態だと分かった。,2026/9/8
identity narrative（アイデンティティの物語）,キャリア移行を成し遂げる人と行き詰まる人を分けるのは、複数の役割を一本の物語として語れるようになるかどうかである,プロフィールや自己紹介が作れないと感じた時／肩書きを絞るべきか迷った時,"Herminia Ibarra & Roxana Barbulescu ""Identity Narratives"" (Academy of Management Review, 2010). Savickasのlife theme（ライフテーマ）も同じ機能を持つ。",2026/9/8 必要なのは肩書きの絞り込みではなく、なぜこれら全部を自分がやっているのかを説明する一本の線であり、その線はDay21ですでに言語化されていた（自律した個人を育てる）。,2026/9/8
